node_idx,node_label,node_type,gene,NodeDelta,Direction,RewiredDegree,WeightedRewiredDegree,LocalClusteringCoefficient,NodeDeltaScaled,WeightedRewiredDegreeScaled,LocalClusteringScaled,NodeSmokingAssociationScore,NodeSmokingAssociationScoreScaled,NodeSmokingAssociationExposureCol,ExposureNodeScore_smoking_intensity,FinalNodePriorityScore,NodeDeltaRank,WeightedRewiredDegreeRank,LocalClusteringRank,NetworkWeightedNodeScore,StrictNetworkWeightedNodeScore,CancerNodeScore,CombinedNodeScore,IsTopNetworkWeightedGene10pct
104,GENE:G0104,gene,G0104,3.9271981716156006,1,2,0.23914092034101486,0.0,1.0,0.23064574756772094,0.0,0.854865148256053,0.9119145577618991,smoking_intensity,0.854865148256053,0.9559572788809496,1.0,0.57,0.5,0.9559572788809496,0.4802559188273695,3.9271981716156006,0.9559572788809496,True
18,GENE:G0018,gene,G0018,3.5797524452209473,1,1,0.10418663918972015,0.0,0.9104813118618881,0.1004855432027875,0.0,0.9111209643805814,0.9838831731376215,smoking_intensity,0.9111209643805814,0.9471822424997548,0.98,0.32,0.5,0.9471822424997548,0.28861761154567933,3.5797524452209473,0.9471822424997548,True
17,GENE:G0017,gene,G0017,3.7158749103546143,1,1,0.11568783968687057,0.0,0.9455529894770865,0.11157817838546034,0.0,0.8747742606786675,0.9373844798628145,smoking_intensity,0.8747742606786675,0.9414687346699505,0.99,0.39,0.5,0.9414687346699505,0.3158460903976564,3.7158749103546143,0.9414687346699505,True
0,GENE:G0000,gene,G0000,3.579184055328369,1,0,0.0,0.0,0.9103348673565475,0.0,0.0,0.8941558981572446,0.9621795981126272,smoking_intensity,0.8941558981572446,0.9362572327345873,0.975,0.1025,0.5,0.9362572327345873,9.103348673565475e-07,3.579184055328369,0.9362572327345873,True
38,GENE:G0038,gene,G0038,3.4326517581939697,1,1,0.10277298092842102,0.0,0.8725811175969783,0.09912210332801548,0.0,0.8992711784284894,0.9687236261570399,smoking_intensity,0.8992711784284894,0.9206523718770091,0.945,0.305,0.5,0.9206523718770091,0.2747204981045392,3.4326517581939697,0.9206523718770091,True
31,GENE:G0031,gene,G0031,3.358743667602539,1,1,0.09496548771858215,0.0,0.8535388476540103,0.09159196124507417,0.0,0.9053432737144992,0.9764917170011267,smoking_intensity,0.9053432737144992,0.9150152823275686,0.91,0.245,0.5,0.9150152823275686,0.25831639522527,3.358743667602539,0.9150152823275686,True
11,GENE:G0011,gene,G0011,3.7612409591674805,1,2,0.2706383541226387,0.0,0.9572414601279658,0.2610242756367268,0.0,0.8204566083019968,0.8678953763120734,smoking_intensity,0.8204566083019968,0.9125684182200196,0.995,0.63,0.5,0.9125684182200196,0.4890597822648051,3.7612409591674805,0.9125684182200196,True
6,GENE:G0006,gene,G0006,3.3925821781158447,1,2,0.2540820986032486,0.0,0.8622572713949835,0.24505615974193737,0.0,0.8927206756350968,0.9603435039131158,smoking_intensity,0.8927206756350968,0.9113003876540497,0.935,0.605,0.5,0.9113003876540497,0.42684448758373644,3.3925821781158447,0.9113003876540497,True
23,GENE:G0023,gene,G0023,3.3709044456481934,1,1,0.20874661207199097,0.0,0.8566720475027522,0.20133115790018905,0.0,0.8931132151283339,0.9608456835232386,smoking_intensity,0.8931132151283339,0.9087588655129955,0.915,0.515,0.5,0.9087588655129955,0.38438823976431885,3.3709044456481934,0.9087588655129955,True
5,GENE:G0005,gene,G0005,3.4516818523406982,1,0,0.0,0.0,0.8774841828349284,0.0,0.0,0.8761481489049969,0.9391421084982442,smoking_intensity,0.8761481489049969,0.9083131456665863,0.955,0.1025,0.5,0.9083131456665863,8.774841828349283e-07,3.4516818523406982,0.9083131456665863,True
1,GENE:G0001,gene,G0001,3.51381254196167,1,0,0.0,0.0,0.8934920292565822,0.0,0.0,0.8609004429645721,0.9196355692675372,smoking_intensity,0.8609004429645721,0.9065637992620597,0.965,0.1025,0.5,0.9065637992620597,8.934920292565822e-07,3.51381254196167,0.9065637992620597,True
28,GENE:G0028,gene,G0028,3.1957712173461914,1,0,0.0,0.0,0.811549325719207,0.0,0.0,0.9237190287416567,1.0,smoking_intensity,0.9237190287416567,0.9057746628596035,0.805,0.1025,0.5,0.9057746628596035,8.11549325719207e-07,3.1957712173461914,0.9057746628596035,True
125,GENE:G0125,gene,G0125,3.2931222915649414,1,2,0.3969058096408844,0.0,0.836631632942637,0.38280624264576174,0.0,0.900890403838092,0.9707951170487964,smoking_intensity,0.900890403838092,0.9037133749957167,0.885,0.805,0.5,0.9037133749957167,0.5176351827661186,3.2931222915649414,0.9037133749957167,True
33,GENE:G0033,gene,G0033,3.3825433254241943,1,2,0.2483694925904274,0.0,0.8596707813186959,0.23954648669013123,0.0,0.8784175178502734,0.9420453343692666,smoking_intensity,0.8784175178502734,0.9008580578439813,0.93,0.595,0.5,0.9008580578439813,0.42075285245978067,3.3825433254241943,0.9008580578439813,True
13,GENE:G0013,gene,G0013,3.601602792739868,1,2,0.21477993577718735,0.0,0.9161110096726877,0.20715015556198071,0.0,0.8322327930991069,0.882960764615757,smoking_intensity,0.8322327930991069,0.8995358871442223,0.985,0.525,0.5,0.8995358871442223,0.4169564863963678,3.601602792739868,0.8995358871442223,True
44,GENE:G0044,gene,G0044,3.239766836166382,1,8,1.0368321239948273,0.0,0.8228847078563709,1.0,0.0,0.903638180290751,0.974310374319656,smoking_intensity,0.903638180290751,0.8985975410880134,0.82,1.0,0.5,0.8985975410880134,0.8228847078567824,3.239766836166382,0.8985975410880134,True
48,GENE:G0048,gene,G0048,3.209683418273926,1,1,0.1137532889842987,0.0,0.8151337761284487,0.10971235010159293,0.0,0.9075390415047938,0.9793007841952511,smoking_intensity,0.9075390415047938,0.8972172801618499,0.815,0.355,0.5,0.8972172801618499,0.269995575976014,3.209683418273926,0.8972172801618499,True
9,GENE:G0009,gene,G0009,3.5592575073242188,1,1,0.09959816932678223,0.0,0.9052008325967517,0.0960600728139468,0.0,0.836513926947223,0.8884376609886587,smoking_intensity,0.836513926947223,0.8968192467927052,0.97,0.295,0.5,0.8968192467927052,0.28055395830503504,3.5592575073242188,0.8968192467927052,True
58,GENE:G0058,gene,G0058,3.324951171875,1,5,0.6883050948381424,0.0,0.844832279529451,0.663853944056209,0.0,0.883177059205772,0.9481342621420054,smoking_intensity,0.883177059205772,0.8964832708357282,0.9,0.975,0.5,0.8964832708357282,0.6883459619085001,3.324951171875,0.8964832708357282,True
24,GENE:G0024,gene,G0024,3.2479007244110107,1,0,0.0,0.0,0.824980387698736,0.0,0.0,0.8953703172144466,0.9637332162814446,smoking_intensity,0.8953703172144466,0.8943568019900903,0.83,0.1025,0.5,0.8943568019900903,8.249803876987361e-07,3.2479007244110107,0.8943568019900903,True
41,GENE:G0041,gene,G0041,3.37774658203125,1,2,0.26583219319581985,0.0,0.8584349100926277,0.25638884737829176,0.0,0.8684568282093845,0.929302526762401,smoking_intensity,0.8684568282093845,0.8938687184275144,0.925,0.62,0.5,0.8938687184275144,0.43466726630875946,3.37774658203125,0.8938687184275144,False
25,GENE:G0025,gene,G0025,3.2703375816345215,1,0,0.0,0.0,0.8307611985477645,0.0,0.0,0.887323257603088,0.9534385342739273,smoking_intensity,0.887323257603088,0.8920998664108459,0.855,0.1025,0.5,0.8920998664108459,8.307611985477645e-07,3.2703375816345215,0.8920998664108459,False
52,GENE:G0052,gene,G0052,3.1365060806274414,1,0,0.0,0.0,0.7962797832026236,0.0,0.0,0.913243131015894,0.986598081654848,smoking_intensity,0.913243131015894,0.8914389324287357,0.75,0.1025,0.5,0.8914389324287357,7.962797832026236e-07,3.1365060806274414,0.8914389324287357,False
22,GENE:G0022,gene,G0022,3.1982734203338623,1,0,0.0,0.0,0.8121940132542528,0.0,0.0,0.9000194568374725,0.9696809060388366,smoking_intensity,0.9000194568374725,0.8909374596465447,0.81,0.1025,0.5,0.8909374596465447,8.121940132542527e-07,3.1982734203338623,0.8909374596465447,False
20,GENE:G0020,gene,G0020,3.2446672916412354,1,3,0.3377779945731163,0.0,0.8241473002904186,0.325778866950694,0.0,0.890573975281457,0.9575972091702568,smoking_intensity,0.890573975281457,0.8908722547303377,0.825,0.695,0.5,0.8908722547303377,0.47039889683344804,3.2446672916412354,0.8908722547303377,False
40,GENE:G0040,gene,G0040,3.274885654449463,1,6,0.6645846590399742,0.0,0.8319330003027463,0.6409761461473485,0.0,0.882858120867517,0.9477262412087807,smoking_intensity,0.882858120867517,0.8898296207557634,0.86,0.965,0.5,0.8898296207557634,0.6660537619764887,3.274885654449463,0.8898296207557634,False
45,GENE:G0045,gene,G0045,3.0298759937286377,1,0,0.0,0.0,0.7688067571438962,0.0,0.0,0.9234982252767108,0.9997175239693058,smoking_intensity,0.9234982252767108,0.884262140556601,0.685,0.1025,0.5,0.884262140556601,7.688067571438962e-07,3.0298759937286377,0.884262140556601,False
47,GENE:G0047,gene,G0047,3.4459078311920166,1,2,0.3509069085121155,0.0,0.8759965179732095,0.33844139315446803,0.0,0.8396542428931191,0.8924550978696411,smoking_intensity,0.8396542428931191,0.8842258079214254,0.95,0.725,0.5,0.8842258079214254,0.509617246423974,3.4459078311920166,0.8842258079214254,False
36,GENE:G0036,gene,G0036,3.185288190841675,1,0,0.0,0.0,0.80884839515909,0.0,0.0,0.8915553240145495,0.9588526581955639,smoking_intensity,0.8915553240145495,0.8838505266773269,0.79,0.1025,0.5,0.8838505266773269,8.088483951590899e-07,3.185288190841675,0.8838505266773269,False
51,GENE:G0051,gene,G0051,3.2832703590393066,1,1,0.09733361005783081,0.0,0.8340933024687768,0.09387595909240598,0.0,0.8713150063945163,0.9329590220486074,smoking_intensity,0.8713150063945163,0.8835261622586921,0.87,0.265,0.5,0.8835261622586921,0.2555593809602344,3.2832703590393066,0.8835261622586921,False
32,GENE:G0032,gene,G0032,3.3423829078674316,1,1,0.11385267972946167,0.0,0.8493235310241949,0.10980821011871897,0.0,0.8559323650032912,0.9132798585769205,smoking_intensity,0.8559323650032912,0.8813016948005576,0.905,0.36,0.5,0.8813016948005576,0.2814430722548048,3.3423829078674316,0.8813016948005576,False
34,GENE:G0034,gene,G0034,3.1854636669158936,1,0,0.0,0.0,0.8088936062144301,0.0,0.0,0.887433659335561,0.9535797722892746,smoking_intensity,0.887433659335561,0.8812366892518524,0.795,0.1025,0.5,0.8812366892518524,8.088936062144301e-07,3.1854636669158936,0.8812366892518524,False
50,GENE:G0050,gene,G0050,3.2702949047088623,1,0,0.0,0.0,0.8307502029242512,0.0,0.0,0.8691437723225491,0.9301813410801156,smoking_intensity,0.8691437723225491,0.8804657720021833,0.85,0.1025,0.5,0.8804657720021833,8.307502029242512e-07,3.2702949047088623,0.8804657720021833,False
42,GENE:G0042,gene,G0042,3.298816442489624,1,1,0.09290851652622223,0.0,0.8380987194028083,0.08960806130143181,0.0,0.8620535277259557,0.9211107218722727,smoking_intensity,0.8620535277259557,0.8796047206375406,0.89,0.22,0.5,0.8796047206375406,0.2508815462754217,3.298816442489624,0.8796047206375406,False
10,GENE:G0010,gene,G0010,3.2916316986083984,1,1,0.14391690492630005,0.0,0.8362475846845039,0.13880444248949414,0.0,0.8622743311909016,0.9213931979029669,smoking_intensity,0.8622743311909016,0.8788203912937353,0.88,0.46,0.5,0.8788203912937353,0.3115563157044865,3.2916316986083984,0.8788203912937353,False
74,GENE:G0074,gene,G0074,3.1503844261169434,1,1,0.13369731605052948,0.0,0.7998555108267319,0.12894789132825565,0.0,0.8898624974499649,0.9566870086269094,smoking_intensity,0.8898624974499649,0.8782712597268206,0.77,0.44,0.5,0.8782712597268206,0.28722263598825887,3.1503844261169434,0.8782712597268206,False
4,GENE:G0004,gene,G0004,3.4998764991760254,1,5,0.8113988265395164,0.0,0.8899014360409084,0.7825749296937915,0.0,0.8192667229631221,0.8663731443688886,smoking_intensity,0.8192667229631221,0.8781372902048985,0.96,0.995,0.5,0.8781372902048985,0.7872358677407115,3.4998764991760254,0.8781372902048985,False
97,GENE:G0097,gene,G0097,3.0496902465820312,1,0,0.0,0.0,0.773911859285397,0.0,0.0,0.9079193141388671,0.9797872706925576,smoking_intensity,0.9079193141388671,0.8768495649889773,0.715,0.1025,0.5,0.8768495649889773,7.739118592853969e-07,3.0496902465820312,0.8768495649889773,False
30,GENE:G0030,gene,G0030,3.1066548824310303,1,1,0.13451635837554932,0.0,0.7885886824093499,0.12973783823100413,0.0,0.8928801448042245,0.9605475143797284,smoking_intensity,0.8928801448042245,0.8745680983945392,0.74,0.445,0.5,0.8745680983945392,0.28404285453308564,3.1066548824310303,0.8745680983945392,False
27,GENE:G0027,gene,G0027,3.143282413482666,1,1,0.09828449040651321,0.0,0.7980256916467467,0.09479306064305888,0.0,0.8845386805729379,0.9498761976646188,smoking_intensity,0.8845386805729379,0.8739509446556828,0.755,0.275,0.5,0.8739509446556828,0.2456999941699513,3.143282413482666,0.8739509446556828,False
35,GENE:G0035,gene,G0035,3.192009687423706,1,1,0.11687550693750381,0.0,0.8105801751484193,0.1127236552887581,0.0,0.8739523811147024,0.9363330413041198,smoking_intensity,0.8739523811147024,0.8734566082262696,0.8,0.405,0.5,0.8734566082262696,0.27214697372839447,3.192009687423706,0.8734566082262696,False
26,GENE:G0026,gene,G0026,3.183866500854492,1,5,0.5693348124623299,0.0,0.8084820996115456,0.5491099275249406,0.0,0.8722595545501179,0.9341673917354654,smoking_intensity,0.8722595545501179,0.8713247456735055,0.785,0.935,0.5,0.8713247456735055,0.5991010165671381,3.183866500854492,0.8713247456735055,False
150,GENE:G0150,gene,G0150,3.290400743484497,1,5,0.6283798441290855,0.0,0.8359304315884161,0.6060574605925506,0.0,0.848118375716042,0.9032833457129137,smoking_intensity,0.848118375716042,0.8696068886506649,0.875,0.96,0.5,0.8696068886506649,0.6507692696245235,3.290400743484497,0.8696068886506649,False
175,GENE:G0175,gene,G0175,3.264073371887207,1,4,0.49181102961301804,0.0,0.8291472375858023,0.47434007707835224,0.0,0.8520560375075757,0.9083208349269579,smoking_intensity,0.8520560375075757,0.8687340362563801,0.845,0.88,0.5,0.8687340362563801,0.57105319809597,3.264073371887207,0.8687340362563801,False
192,GENE:G0192,gene,G0192,3.017449140548706,1,5,0.7963983193039894,0.0,0.7656050035753725,0.7681072961315409,0.0,0.9000317236966362,0.969696599151653,smoking_intensity,0.9000317236966362,0.8676508013635127,0.665,0.99,0.5,0.8676508013635127,0.6709894755131559,3.017449140548706,0.8676508013635127,False
191,GENE:G0191,gene,G0191,3.2791271209716797,1,3,0.46790383756160736,0.0,0.8330258055670117,0.45128215719128484,0.0,0.8457631387566201,0.9002702680521771,smoking_intensity,0.8457631387566201,0.8666480368095943,0.865,0.87,0.5,0.8666480368095943,0.5596062246157603,3.2791271209716797,0.8666480368095943,False
194,GENE:G0194,gene,G0194,3.2590339183807373,1,3,0.40468867868185043,0.0,0.8278488325902557,0.3903126353016715,0.0,0.8490506570124801,0.9044760222869556,smoking_intensity,0.8490506570124801,0.8661624274386056,0.84,0.82,0.5,0.8661624274386056,0.5171986063957392,3.2590339183807373,0.8661624274386056,False
39,GENE:G0039,gene,G0039,3.0415732860565186,1,0,0.0,0.0,0.7718205408355986,0.0,0.0,0.8884395417869807,0.9548666075402141,smoking_intensity,0.8884395417869807,0.8633435741879063,0.71,0.1025,0.5,0.8633435741879063,7.718205408355986e-07,3.0415732860565186,0.8633435741879063,False
19,GENE:G0019,gene,G0019,3.4120867252349854,1,1,0.10435651987791061,0.0,0.8672825784809317,0.10064938909862639,0.0,0.8102137809003437,0.8547916271104318,smoking_intensity,0.8102137809003437,0.8610371027956818,0.94,0.325,0.5,0.8610371027956818,0.2751478947462376,3.4120867252349854,0.8610371027956818,False
14,GENE:G0014,gene,G0014,3.3761298656463623,1,0,0.0,0.0,0.858018366388469,0.0,0.0,0.8173653597927554,0.8639407118823563,smoking_intensity,0.8173653597927554,0.8609795391354127,0.92,0.1025,0.5,0.8609795391354127,8.580183663884689e-07,3.3761298656463623,0.8609795391354127,False
89,GENE:G0089,gene,G0089,3.0415685176849365,1,2,0.1941186934709549,0.0,0.7718193122743122,0.18722287724171954,0.0,0.8842933433896649,0.9495623354082923,smoking_intensity,0.8842933433896649,0.8606908238413022,0.705,0.495,0.5,0.8606908238413022,0.33396049706323067,3.0415685176849365,0.8606908238413022,False
82,GENE:G0082,gene,G0082,3.017224073410034,1,1,0.1030946895480156,0.0,0.7655470154826538,0.09943238366380895,0.0,0.8857653664893036,0.9514455089462526,smoking_intensity,0.8857653664893036,0.8584962622144532,0.66,0.315,0.5,0.8584962622144532,0.24139918142901626,3.017224073410034,0.8584962622144532,False
80,GENE:G0080,gene,G0080,3.1140146255493164,1,3,0.3164571076631546,0.0,0.7904849053268657,0.30521537705050256,0.0,0.8636972868538857,0.9232135989896619,smoking_intensity,0.8636972868538857,0.8568492521582638,0.745,0.655,0.5,0.8568492521582638,0.43671366989405996,3.1140146255493164,0.8568492521582638,False
167,GENE:G0167,gene,G0167,3.315622329711914,1,4,0.5335354954004288,0.0,0.8424287222287105,0.5145823350310186,0.0,0.822627842373964,0.8706730572805651,smoking_intensity,0.822627842373964,0.8565508897546378,0.895,0.915,0.5,0.8565508897546378,0.6043111427522418,3.315622329711914,0.8565508897546378,False
46,GENE:G0046,gene,G0046,3.159982681274414,1,3,0.3807613179087639,0.0,0.8023284818401547,0.367235263160754,0.0,0.8535403274663783,0.9102197015777349,smoking_intensity,0.8535403274663783,0.8562740917089449,0.775,0.77,0.5,0.8562740917089449,0.48621057221740455,3.159982681274414,0.8562740917089449,False
59,GENE:G0059,gene,G0059,2.9582128524780273,1,0,0.0,0.0,0.750342893854572,0.0,0.0,0.8923036024235326,0.9598099380773605,smoking_intensity,0.8923036024235326,0.8550764159659663,0.625,0.1025,0.5,0.8550764159659663,7.50342893854572e-07,2.9582128524780273,0.8550764159659663,False
122,GENE:G0122,gene,G0122,3.034705877304077,1,3,0.3689483404159546,0.0,0.770051166870905,0.35584192645809193,0.0,0.8749950641436133,0.9376669558935086,smoking_intensity,0.8749950641436133,0.8538590613822068,0.695,0.745,0.5,0.8538590613822068,0.4593546760388907,3.034705877304077,0.8538590613822068,False
151,GENE:G0151,gene,G0151,3.1462578773498535,1,3,0.39621009677648544,0.0,0.7987923138894691,0.38213524408360455,0.0,0.8523259084091762,0.9086660834089174,smoking_intensity,0.8523259084091762,0.8537291986491933,0.76,0.795,0.5,0.8537291986491933,0.4937901522691537,3.1462578773498535,0.8537291986491933,False
43,GENE:G0043,gene,G0043,3.02321720123291,1,1,0.11119114607572556,0.0,0.7670911327354832,0.10724122401543211,0.0,0.8769086941731438,0.9401150814928573,smoking_intensity,0.8769086941731438,0.8536031071141703,0.675,0.35,0.5,0.8536031071141703,0.2512047479518236,3.02321720123291,0.8536031071141703,False
29,GENE:G0029,gene,G0029,3.024826765060425,1,0,0.0,0.0,0.7675058335977124,0.0,0.0,0.8763689523699429,0.9394245845289385,smoking_intensity,0.8763689523699429,0.8534652090633255,0.68,0.1025,0.5,0.8534652090633255,7.675058335977123e-07,3.024826765060425,0.8534652090633255,False
21,GENE:G0021,gene,G0021,2.9996461868286133,1,1,0.09861516207456589,0.0,0.7610181085844812,0.09511198562657369,0.0,0.8787364561885285,0.9424533553024914,smoking_intensity,0.8787364561885285,0.8517357319434863,0.645,0.2825,0.5,0.8517357319434863,0.2346997436438972,2.9996461868286133,0.8517357319434863,False
62,GENE:G0062,gene,G0062,2.9667394161224365,1,1,0.09804224222898483,0.0,0.7525397457188733,0.09455941801960793,0.0,0.8832261266424267,0.9481970345932708,smoking_intensity,0.8832261266424267,0.850368390156072,0.635,0.27,0.5,0.850368390156072,0.23140984829872283,2.9667394161224365,0.850368390156072,False
141,GENE:G0141,gene,G0141,3.0320935249328613,1,1,0.09397650510072708,0.0,0.7693780995701431,0.09063811095922017,0.0,0.8659911895174894,0.9261482110863171,smoking_intensity,0.8659911895174894,0.8477631553282301,0.69,0.2275,0.5,0.8477631553282301,0.23163023228427107,3.0320935249328613,0.8477631553282301,False
78,GENE:G0078,gene,G0078,2.7647619247436523,1,0,0.0,0.0,0.7005006538892671,0.0,0.0,0.9160522417643715,0.9901918044897894,smoking_intensity,0.9160522417643715,0.8453462291895282,0.5,0.1025,0.5,0.8453462291895282,7.00500653889267e-07,2.7647619247436523,0.8453462291895282,False
76,GENE:G0076,gene,G0076,2.8165743350982666,1,0,0.0,0.0,0.7138500165432496,0.0,0.0,0.9034419105441325,0.9740592845145944,smoking_intensity,0.9034419105441325,0.843954650528922,0.535,0.1025,0.5,0.843954650528922,7.138500165432496e-07,2.8165743350982666,0.843954650528922,False
54,GENE:G0054,gene,G0054,2.8360323905944824,1,0,0.0,0.0,0.7188633451566552,0.0,0.0,0.8981548942445966,0.9672955528907532,smoking_intensity,0.8981548942445966,0.8430794490237041,0.545,0.1025,0.5,0.8430794490237041,7.188633451566552e-07,2.8360323905944824,0.8430794490237041,False
16,GENE:G0016,gene,G0016,3.1691510677337646,1,2,0.24438343942165375,0.0,0.8046906980536075,0.23570203291933592,0.0,0.8295831515197571,0.8795710522474282,smoking_intensity,0.8295831515197571,0.8421308751505179,0.78,0.59,0.5,0.8421308751505179,0.3906705241571389,3.1691510677337646,0.8421308751505179,False
88,GENE:G0088,gene,G0088,2.9732251167297363,1,0,0.0,0.0,0.7542107733525893,0.0,0.0,0.8648381047561058,0.9246730584815814,smoking_intensity,0.8648381047561058,0.8394419159170854,0.64,0.1025,0.5,0.8394419159170854,7.542107733525893e-07,2.9732251167297363,0.8394419159170854,False
57,GENE:G0057,gene,G0057,2.8823907375335693,1,0,0.0,0.0,0.7308074794112372,0.0,0.0,0.8806132856405678,0.9448544015633908,smoking_intensity,0.8806132856405678,0.8378309404873141,0.58,0.1025,0.5,0.8378309404873141,7.308074794112372e-07,2.8823907375335693,0.8378309404873141,False
61,GENE:G0061,gene,G0061,3.062631607055664,1,4,0.5113913044333458,0.0,0.7772461746167248,0.4932247878885137,0.0,0.8438127081495987,0.8977750631143795,smoking_intensity,0.8438127081495987,0.8375106188655521,0.73,0.895,0.5,0.8375106188655521,0.5458597105865695,3.062631607055664,0.8375106188655521,False
131,GENE:G0131,gene,G0131,3.14886474609375,1,5,0.5773372650146484,0.0,0.7994639683447516,0.5568281032711606,0.0,0.8260993635172788,0.8751142082075885,smoking_intensity,0.8260993635172788,0.8372890882761701,0.765,0.94,0.5,0.8372890882761701,0.5965673324141614,3.14886474609375,0.8372890882761701,False
139,GENE:G0139,gene,G0139,3.0610620975494385,1,3,0.3840770646929741,0.0,0.7768417936693016,0.37043322231679837,0.0,0.8435796378254892,0.8974768939708689,smoking_intensity,0.8435796378254892,0.8371593438200853,0.725,0.785,0.5,0.8371593438200853,0.47281097297280517,3.0610620975494385,0.8371593438200853,False
174,GENE:G0174,gene,G0174,3.019490957260132,1,1,0.12280324846506119,0.0,0.766131073518215,0.11844082144360127,0.0,0.8492469267590984,0.9047271120920167,smoking_intensity,0.8492469267590984,0.8354290928051158,0.67,0.42,0.5,0.8354290928051158,0.26366578869415214,3.019490957260132,0.8354290928051158,False
12,GENE:G0012,gene,G0012,3.2492613792419434,1,5,0.4835733100771904,0.0,0.8253309576618143,0.46639499190478684,0.0,0.8020931201340032,0.8444027864260167,smoking_intensity,0.8020931201340032,0.8348668720439155,0.835,0.875,0.5,0.8348668720439155,0.5636442419602206,3.2492613792419434,0.8348668720439155,False
55,GENE:G0055,gene,G0055,2.883309841156006,1,2,0.2252281829714775,0.0,0.7310442845991936,0.21722724224987572,0.0,0.8757433425525964,0.9386242357753053,smoking_intensity,0.8757433425525964,0.8348342601872494,0.585,0.55,0.5,0.8348342601872494,0.34072251319989716,2.883309841156006,0.8348342601872494,False
193,GENE:G0193,gene,G0193,3.0075366497039795,1,5,0.7336380630731583,0.0,0.7630510703731749,0.7075765170609416,0.0,0.8491733256041164,0.9046329534151186,smoking_intensity,0.8491733256041164,0.8338420118941468,0.655,0.98,0.5,0.8338420118941468,0.6418599995662628,3.0075366497039795,0.8338420118941468,False
60,GENE:G0060,gene,G0060,2.841560125350952,1,3,0.4314122945070267,0.0,0.7202875548279307,0.4160869291403041,0.0,0.8808586228238411,0.9451682638197177,smoking_intensity,0.8808586228238411,0.8327279093238242,0.55,0.835,0.5,0.8327279093238242,0.4646200504840568,2.841560125350952,0.8327279093238242,False
68,GENE:G0068,gene,G0068,3.068049907684326,1,3,0.3411773517727852,0.0,0.7786421888064772,0.32905746637002087,0.0,0.8338520185087096,0.8850322555075135,smoking_intensity,0.8338520185087096,0.8318372221569954,0.735,0.71,0.5,0.8318372221569954,0.44665665165307766,3.068049907684326,0.8318372221569954,False
64,GENE:G0064,gene,G0064,2.9319915771484375,1,1,0.12965139746665955,0.0,0.7435870353405809,0.12504569878402647,0.0,0.858115865934422,0.9160732326582285,smoking_intensity,0.858115865934422,0.8298301339994048,0.615,0.435,0.5,0.8298301339994048,0.26294576957953736,2.9319915771484375,0.8298301339994048,False
180,GENE:G0180,gene,G0180,2.9652273654937744,1,3,0.4548296481370926,0.0,0.7521501689349513,0.4386724114841968,0.0,0.8499952051680816,0.9056843919738135,smoking_intensity,0.8499952051680816,0.8289172804543824,0.63,0.855,0.5,0.8289172804543824,0.49816672834505094,2.9652273654937744,0.8289172804543824,False
53,GENE:G0053,gene,G0053,2.888242244720459,1,0,0.0,0.0,0.7323151083938603,0.0,0.0,0.8642124949387593,0.9238727097279482,smoking_intensity,0.8642124949387593,0.8280939090609043,0.595,0.1025,0.5,0.8280939090609043,7.323151083938603e-07,2.888242244720459,0.8280939090609043,False
92,GENE:G0092,gene,G0092,3.034947156906128,1,1,0.11602981388568878,0.0,0.7701133320719976,0.1119080043919122,0.0,0.834195490565292,0.885471662666371,smoking_intensity,0.834195490565292,0.8277924973691844,0.7,0.395,0.5,0.8277924973691844,0.2576233465770886,3.034947156906128,0.8277924973691844,False
37,GENE:G0037,gene,G0037,2.8528695106506348,1,1,0.12279421836137772,0.0,0.7232013950589834,0.11843211212270496,0.0,0.8693032414916767,0.9303853515467281,smoking_intensity,0.8693032414916767,0.8267933733028557,0.555,0.415,0.5,0.8267933733028557,0.2488822890776801,2.8528695106506348,0.8267933733028557,False
49,GENE:G0049,gene,G0049,2.8789749145507812,1,0,0.0,0.0,0.7299273995337145,0.0,0.0,0.8620167271484648,0.9210636425338238,smoking_intensity,0.8620167271484648,0.8254955210337691,0.575,0.1025,0.5,0.8254955210337691,7.299273995337145e-07,2.8789749145507812,0.8254955210337691,False
75,GENE:G0075,gene,G0075,2.8648290634155273,1,2,0.32039493322372437,0.0,0.7262827496214385,0.3090133164366759,0.0,0.8625442020925019,0.9217384463849262,smoking_intensity,0.8625442020925019,0.8240105980031823,0.565,0.675,0.5,0.8240105980031823,0.4037330722813619,2.8648290634155273,0.8240105980031823,False
56,GENE:G0056,gene,G0056,2.763296604156494,1,5,0.7756485342979431,0.0,0.7001231170059521,0.7480946204766827,0.0,0.8753385362001957,0.938106363052366,smoking_intensity,0.8753385362001957,0.8191147400291591,0.495,0.985,0.5,0.8191147400291591,0.6055537299128047,2.763296604156494,0.8191147400291591,False
79,GENE:G0079,gene,G0079,2.888636589050293,1,0,0.0,0.0,0.7324167104122468,0.0,0.0,0.842046280430032,0.8955152548688268,smoking_intensity,0.842046280430032,0.8139659826405368,0.6,0.1025,0.5,0.8139659826405368,7.324167104122467e-07,2.888636589050293,0.8139659826405368,False
67,GENE:G0067,gene,G0067,2.9378294944763184,1,1,0.10217984020709991,0.0,0.7450911629235376,0.09855003316584131,0.0,0.8299388904355032,0.880026152519102,smoking_intensity,0.8299388904355032,0.8125586577213197,0.62,0.3,0.5,0.8125586577213197,0.23390408140958058,2.9378294944763184,0.8125586577213197,False
91,GENE:G0091,gene,G0091,2.912376642227173,1,0,0.0,0.0,0.7385332870608522,0.0,0.0,0.8346493643543472,0.8860523078405754,smoking_intensity,0.8346493643543472,0.8122927974507138,0.61,0.1025,0.5,0.8122927974507138,7.385332870608522e-07,2.912376642227173,0.8122927974507138,False
199,GENE:G0199,gene,G0199,2.80718994140625,1,3,0.367410309612751,0.0,0.7114321465035224,0.3543585322155624,0.0,0.849479997083208,0.9050252812355273,smoking_intensity,0.849479997083208,0.8082287138695248,0.525,0.74,0.5,0.8082287138695248,0.42350147984145187,2.80718994140625,0.8082287138695248,False
155,GENE:G0155,gene,G0155,2.7781240940093994,1,3,0.381064772605896,0.0,0.703943389754121,0.36752793802113826,0.0,0.8551963534534718,0.9123382718079402,smoking_intensity,0.8551963534534718,0.8081408307810306,0.51,0.78,0.5,0.8081408307810306,0.42675922143067313,2.7781240940093994,0.8081408307810306,False
129,GENE:G0129,gene,G0129,2.689267873764038,1,3,0.31167830526828766,0.0,0.6810497644624377,0.3006063354474563,0.0,0.8694627106608043,0.9305893620133405,smoking_intensity,0.8694627106608043,0.8058195632378891,0.445,0.645,0.5,0.8058195632378891,0.37340309363293445,2.689267873764038,0.8058195632378891,False
163,GENE:G0163,gene,G0163,2.9114491939544678,1,2,0.21479647606611252,0.0,0.7382943318906446,0.20716610827847395,0.0,0.8202971391328693,0.867691365845461,smoking_intensity,0.8202971391328693,0.8029928488680529,0.605,0.53,0.5,0.8029928488680529,0.3360383844133024,2.9114491939544678,0.8029928488680529,False
115,GENE:G0115,gene,G0115,2.761418342590332,1,0,0.0,0.0,0.6996391867152335,0.0,0.0,0.8488175866883705,0.904177853143445,smoking_intensity,0.8488175866883705,0.8019085199293392,0.49,0.1025,0.5,0.8019085199293392,6.996391867152335e-07,2.761418342590332,0.8019085199293392,False
65,GENE:G0065,gene,G0065,2.7789626121520996,1,2,0.2081320956349373,0.0,0.7041594322563369,0.2007384713670153,0.0,0.8443156493753086,0.8984184807398492,smoking_intensity,0.8443156493753086,0.8012889564980931,0.515,0.51,0.5,0.8012889564980931,0.3154905152677697,2.7789626121520996,0.8012889564980931,False
85,GENE:G0085,gene,G0085,2.8245038986206055,1,1,0.15781168639659882,0.0,0.7158930525344919,0.15220562976826338,0.0,0.8317789193100518,0.8823801194415527,smoking_intensity,0.8317789193100518,0.7991365859880223,0.54,0.485,0.5,0.7991365859880223,0.27929522189039374,2.8245038986206055,0.7991365859880223,False
132,GENE:G0132,gene,G0132,2.8568811416625977,1,4,0.5366488248109818,0.0,0.7242349836692435,0.5175850674295457,0.0,0.8193893915547588,0.8665300754970521,smoking_intensity,0.8193893915547588,0.7953825295831478,0.56,0.92,0.5,0.7953825295831478,0.5210391640679048,2.8568811416625977,0.7953825295831478,False
156,GENE:G0156,gene,G0156,2.739940881729126,1,1,0.23967865109443665,0.0,0.6941055623970316,0.23116437612964275,0.0,0.8426841571065423,0.8963312967352765,smoking_intensity,0.8426841571065423,0.795218429566154,0.475,0.575,0.5,0.795218429566154,0.3337228766248215,2.739940881729126,0.795218429566154,False
105,GENE:G0105,gene,G0105,2.7344164848327637,1,2,0.2311103567481041,0.0,0.6926822127186565,0.22290045938937084,0.0,0.8412857351618855,0.894542281874214,smoking_intensity,0.8412857351618855,0.7936122472964353,0.47,0.56,0.5,0.7936122472964353,0.32703144805636125,2.7344164848327637,0.7936122472964353,False
143,GENE:G0143,gene,G0143,2.7401442527770996,1,3,0.37969832867383957,0.0,0.6941579605358972,0.3662100352474552,0.0,0.83804728434268,0.8903993000907008,smoking_intensity,0.83804728434268,0.7922786303132989,0.48,0.765,0.5,0.7922786303132989,0.4200717045224675,2.7401442527770996,0.7922786303132989,False
63,GENE:G0063,gene,G0063,2.6956992149353027,1,0,0.0,0.0,0.6827067864974887,0.0,0.0,0.8459226079257476,0.9004742785187895,smoking_intensity,0.8459226079257476,0.7915905325081392,0.45,0.1025,0.5,0.7915905325081392,6.827067864974887e-07,2.6956992149353027,0.7915905325081392,False
81,GENE:G0081,gene,G0081,2.712244987487793,1,2,0.2246474325656891,0.0,0.686969771305217,0.2166671222532548,0.0,0.841764142669268,0.895154313274051,smoking_intensity,0.841764142669268,0.791062042289634,0.455,0.545,0.5,0.791062042289634,0.319767362499433,2.712244987487793,0.791062042289634,False
127,GENE:G0127,gene,G0127,3.055368423461914,1,5,0.607704296708107,0.0,0.7753748300652589,0.5861163853282952,0.0,0.7723582535212999,0.8063626809592152,smoking_intensity,0.7723582535212999,0.790868755512237,0.72,0.955,0.5,0.790868755512237,0.5936133102053321,3.055368423461914,0.790868755512237,False
2,GENE:G0002,gene,G0002,2.8727688789367676,1,0,0.0,0.0,0.7283284270194466,0.0,0.0,0.8064110545596102,0.8499267621373672,smoking_intensity,0.8064110545596102,0.7891275945784069,0.57,0.1025,0.5,0.7891275945784069,7.283284270194466e-07,2.8727688789367676,0.7891275945784069,False
96,GENE:G0096,gene,G0096,2.8851404190063477,1,2,0.21572334319353104,0.0,0.7315159292770479,0.20806004964657834,0.0,0.800277624977782,0.8420802057291987,smoking_intensity,0.800277624977782,0.7867980675031233,0.59,0.535,0.5,0.7867980675031233,0.3336707492363987,2.8851404190063477,0.7867980675031233,False
110,GENE:G0110,gene,G0110,2.6355953216552734,1,1,0.15362206101417542,0.0,0.6672211400506252,0.1481648354241596,0.0,0.8480815751385511,0.9032362663744647,smoking_intensity,0.8480815751385511,0.7852287032125449,0.415,0.48,0.5,0.7852287032125449,0.25682799976291343,2.6355953216552734,0.7852287032125449,False
69,GENE:G0069,gene,G0069,2.5137813091278076,1,3,0.32936061173677444,0.0,0.6358360062875693,0.31766050078365204,0.0,0.8723576894234271,0.934292936637996,smoking_intensity,0.8723576894234271,0.7850644714627826,0.345,0.68,0.5,0.7850644714627826,0.3583659393516131,2.5137813091278076,0.7850644714627826,False
95,GENE:G0095,gene,G0095,2.7878758907318115,1,1,0.14560456573963165,0.0,0.7064559204409664,0.14043215132902082,0.0,0.8124954167047836,0.8577105460942703,smoking_intensity,0.8124954167047836,0.7820832332676184,0.52,0.47,0.5,0.7820832332676184,0.2647392557317599,2.7878758907318115,0.7820832332676184,False
66,GENE:G0066,gene,G0066,2.6199731826782227,1,3,0.5071651041507721,0.0,0.6631961275640753,0.48914871792041653,0.0,0.8454319335592013,0.8998465540061359,smoking_intensity,0.8454319335592013,0.7815213407851056,0.395,0.89,0.5,0.7815213407851056,0.4638338518675465,2.6199731826782227,0.7815213407851056,False
90,GENE:G0090,gene,G0090,2.766503095626831,1,0,0.0,0.0,0.7009492630430012,0.0,0.0,0.8123604812539835,0.8575379218532908,smoking_intensity,0.8123604812539835,0.779243592448146,0.505,0.1025,0.5,0.779243592448146,7.009492630430011e-07,2.766503095626831,0.779243592448146,False
8,GENE:G0008,gene,G0008,3.0012459754943848,1,3,0.4992087855935097,0.0,0.7614302908960732,0.4814750373185777,0.0,0.7605084675692079,0.7912031339786335,smoking_intensity,0.7605084675692079,0.7763167124373533,0.65,0.885,0.5,0.7763167124373533,0.5283443134508029,3.0012459754943848,0.7763167124373533,False
190,GENE:G0190,gene,G0190,2.6503689289093018,1,2,0.26390933990478516,0.0,0.6710275300562576,0.2545343009705029,0.0,0.8301228933229581,0.8802615492113471,smoking_intensity,0.8301228933229581,0.7756445396338023,0.42,0.615,0.5,0.7756445396338023,0.3385427332727259,2.6503689289093018,0.7756445396338023,False
166,GENE:G0166,gene,G0166,2.630208730697632,1,3,0.5516922697424889,0.0,0.6658332957934274,0.5320941133815036,0.0,0.8332264086913631,0.8842319067538803,smoking_intensity,0.8332264086913631,0.7750326012736539,0.41,0.93,0.5,0.7750326012736539,0.48569064212004914,2.630208730697632,0.7750326012736539,False
108,GENE:G0108,gene,G0108,2.479867458343506,1,3,0.40134719014167786,0.0,0.6270981712782707,0.38708984883234593,0.0,0.8602993668655529,0.9188666067395366,smoking_intensity,0.8602993668655529,0.7729823890089036,0.325,0.81,0.5,0.7729823890089036,0.3901588167639231,2.479867458343506,0.7729823890089036,False
146,GENE:G0146,gene,G0146,2.7308897972106934,1,3,0.38104473799467087,0.0,0.6917735687912246,0.3675086151136381,0.0,0.8069262626444837,0.8505858728756535,smoking_intensity,0.8069262626444837,0.771179720833439,0.465,0.775,0.5,0.771179720833439,0.41937035442387366,2.7308897972106934,0.771179720833439,False
120,GENE:G0120,gene,G0120,2.6094846725463867,1,3,0.37449465692043304,0.0,0.6604937841584789,0.36119121722187436,0.0,0.8313250455209964,0.8817994742673482,smoking_intensity,0.8313250455209964,0.7711466292129135,0.385,0.755,0.5,0.7711466292129135,0.39695138864926705,2.6094846725463867,0.7711466292129135,False
107,GENE:G0107,gene,G0107,2.4409210681915283,1,1,0.13680797815322876,0.0,0.6170637126872908,0.13194805117160055,0.0,0.8646050344319963,0.924374889338071,smoking_intensity,0.8646050344319963,0.7707193010126809,0.29,0.45,0.5,0.7707193010126809,0.22414626058977358,2.4409210681915283,0.7707193010126809,False
83,GENE:G0083,gene,G0083,2.439969539642334,1,2,0.2185218334197998,0.0,0.6168185532825868,0.21075912711679254,0.0,0.8597718919215157,0.9181918028884342,smoking_intensity,0.8597718919215157,0.7675051780855104,0.285,0.54,0.5,0.7675051780855104,0.2831722059229196,2.439969539642334,0.7675051780855104,False
77,GENE:G0077,gene,G0077,2.681772232055664,1,1,0.1190786063671112,0.0,0.6791185275482591,0.1148484924524824,0.0,0.8105695198160897,0.8552467273821056,smoking_intensity,0.8105695198160897,0.7671826274651823,0.44,0.41,0.5,0.7671826274651823,0.2301485422139838,2.681772232055664,0.7671826274651823,False
103,GENE:G0103,gene,G0103,2.6505191326141357,1,2,0.40383198857307434,0.0,0.6710662297367797,0.38948637800413005,0.0,0.8164576122146449,0.8627794215339475,smoking_intensity,0.8164576122146449,0.7669228256353635,0.425,0.815,0.5,0.7669228256353635,0.4188046748743351,2.6505191326141357,0.7669228256353635,False
198,GENE:G0198,gene,G0198,2.469386100769043,1,3,0.31692109256982803,0.0,0.624397670714604,0.3056628794917712,0.0,0.8515776300001933,0.907708803527121,smoking_intensity,0.8515776300001933,0.7660532371208625,0.315,0.66,0.5,0.7660532371208625,0.3452094090067778,2.469386100769043,0.7660532371208625,False
94,GENE:G0094,gene,G0094,2.5705630779266357,1,0,0.0,0.0,0.6504657140861883,0.0,0.0,0.828270597589246,0.8778918891760803,smoking_intensity,0.828270597589246,0.7641788016311343,0.375,0.1025,0.5,0.7641788016311343,6.504657140861882e-07,2.5705630779266357,0.7641788016311343,False
101,GENE:G0101,gene,G0101,2.6300809383392334,1,2,0.37774960696697235,0.0,0.6658003703509515,0.3643305393659436,0.0,0.8162613424680263,0.862528331728886,smoking_intensity,0.8162613424680263,0.7641643510399188,0.405,0.76,0.5,0.7641643510399188,0.40187576850319284,2.6300809383392334,0.7641643510399188,False
140,GENE:G0140,gene,G0140,2.544538974761963,1,3,0.2806926965713501,0.0,0.6437606565813905,0.27072145053710783,0.0,0.8327725349023078,0.8836512615796759,smoking_intensity,0.8327725349023078,0.7637059590805332,0.365,0.635,0.5,0.7637059590805332,0.33495446040737037,2.544538974761963,0.7637059590805332,False
116,GENE:G0116,gene,G0116,2.5001769065856934,1,4,0.6648871079087257,0.0,0.6323308595093656,0.6412678509101082,0.0,0.8386483604416993,0.8911682626187015,smoking_intensity,0.8386483604416993,0.7617495610640336,0.335,0.97,0.5,0.7617495610640336,0.5063655029844786,2.5001769065856934,0.7617495610640336,False
124,GENE:G0124,gene,G0124,2.6656908988952637,1,3,0.5118094831705093,0.0,0.6749752046098276,0.4936281113653677,0.0,0.8051598349249173,0.848326064630101,smoking_intensity,0.8051598349249173,0.7616506346199643,0.43,0.9,0.5,0.7616506346199643,0.47422862097051943,2.6656908988952637,0.7616506346199643,False
86,GENE:G0086,gene,G0086,2.4493308067321777,1,2,0.1973535418510437,0.0,0.6192304648000749,0.19034281180511367,0.0,0.8464868834472759,0.901196161708341,smoking_intensity,0.8464868834472759,0.7602133132542079,0.305,0.5,0.5,0.7602133132542079,0.2701596934483083,2.4493308067321777,0.7602133132542079,False
84,GENE:G0084,gene,G0084,2.5187652111053467,1,1,0.11428429931402206,0.0,0.6371200985441293,0.11022449697420084,0.0,0.8271297796870258,0.8764324296841607,smoking_intensity,0.8271297796870258,0.756776264114145,0.35,0.37,0.5,0.756776264114145,0.2115243495728739,2.5187652111053467,0.756776264114145,False
165,GENE:G0165,gene,G0165,2.3988795280456543,1,3,0.5821777135133743,0.0,0.6062317949652994,0.5614966010797315,0.0,0.8500810731822271,0.9057942437635278,smoking_intensity,0.8500810731822271,0.7560130193644137,0.275,0.945,0.5,0.7560130193644137,0.4542681369965314,2.3988795280456543,0.7560130193644137,False
133,GENE:G0133,gene,G0133,2.3963680267333984,1,4,0.45239897817373276,0.0,0.6055847117357451,0.4363280879364322,0.0,0.8496394662523354,0.9052292917021395,smoking_intensity,0.8496394662523354,0.7554070017189423,0.27,0.85,0.5,0.7554070017189423,0.4000197997705538,2.3963680267333984,0.7554070017189423,False
100,GENE:G0100,gene,G0100,2.4427974224090576,1,2,0.31918835639953613,0.0,0.6175471515534947,0.3078496016980359,0.0,0.8392249028223912,0.8919058389210693,smoking_intensity,0.8392249028223912,0.7547264952372821,0.295,0.67,0.5,0.7547264952372821,0.3426410725849786,2.4427974224090576,0.7547264952372821,False
135,GENE:G0135,gene,G0135,2.2516679763793945,1,1,0.09873971343040466,0.0,0.5683030366504807,0.09523211245613111,0.0,0.877607905145472,0.9410095889233883,smoking_intensity,0.877607905145472,0.7546563127869345,0.195,0.29,0.5,0.7546563127869345,0.17537661592868714,2.2516679763793945,0.7546563127869345,False
186,GENE:G0186,gene,G0186,2.812278985977173,1,3,0.4568248614668846,0.0,0.7127433285364477,0.4405967474336894,0.0,0.7639554549941954,0.7956128986800243,smoking_intensity,0.7639554549941954,0.754178113608236,0.53,0.86,0.5,0.754178113608236,0.4731009327432494,2.812278985977173,0.754178113608236,False
189,GENE:G0189,gene,G0189,2.4938254356384277,1,2,0.35022906959056854,0.0,0.6306944158758621,0.33778763358639513,0.0,0.8256209560098962,0.8745021768077513,smoking_intensity,0.8256209560098962,0.7525982963418067,0.33,0.72,0.5,0.7525982963418067,0.3665564440530392,2.4938254356384277,0.7525982963418067,False
3,GENE:G0003,gene,G0003,2.743311882019043,1,3,0.4606318175792694,0.0,0.694974093798462,0.44426846634004125,0.0,0.7732414673810833,0.8074925850819916,smoking_intensity,0.7732414673810833,0.7512333394402269,0.485,0.865,0.5,0.7512333394402269,0.46322432828364246,2.743311882019043,0.7512333394402269,False
71,GENE:G0071,gene,G0071,2.615893602371216,1,1,0.11496371030807495,0.0,0.6621450319554837,0.11087977276893139,0.0,0.798388528666579,0.8396634663554828,smoking_intensity,0.798388528666579,0.7509042491554833,0.39,0.375,0.5,0.7509042491554833,0.2204851216296829,2.615893602371216,0.7509042491554833,False
73,GENE:G0073,gene,G0073,2.6061508655548096,1,1,0.0971059501171112,0.0,0.6596348355350825,0.09365638647746573,0.0,0.798744267582325,0.8401185666271566,smoking_intensity,0.798744267582325,0.7498767010811196,0.38,0.2575,0.5,0.7498767010811196,0.20187023173173071,2.6061508655548096,0.7498767010811196,False
123,GENE:G0123,gene,G0123,2.6297407150268555,1,2,0.4360805153846741,0.0,0.6657127125031659,0.4205893174919122,0.0,0.7927335065921333,0.8324289413471513,smoking_intensity,0.7927335065921333,0.7490708269251586,0.4,0.84,0.5,0.7490708269251586,0.43173371931468985,2.6297407150268555,0.7490708269251586,False
99,GENE:G0099,gene,G0099,2.3939456939697266,1,1,0.10982413589954376,0.0,0.6049606026022467,0.105922775112716,0.0,0.839335304554864,0.8920470769364163,smoking_intensity,0.839335304554864,0.7485038397693315,0.265,0.345,0.5,0.7485038397693315,0.19688914265785884,2.3939456939697266,0.7485038397693315,False
93,GENE:G0093,gene,G0093,2.2757515907287598,1,1,0.09861516207456589,0.0,0.5745081311397722,0.09511198562657369,0.0,0.8625319352333383,0.9217227532721098,smoking_intensity,0.8625319352333383,0.7481154422059411,0.2,0.2825,0.5,0.7481154422059411,0.1771796355156911,2.2757515907287598,0.7481154422059411,False
153,GENE:G0153,gene,G0153,2.3541605472564697,1,1,0.0971059501171112,0.0,0.5947100400809865,0.09365638647746573,0.0,0.8463151474189845,0.9009764581289121,smoking_intensity,0.8463151474189845,0.7478432491049494,0.245,0.2575,0.5,0.7478432491049494,0.18200108171508256,2.3541605472564697,0.7478432491049494,False
87,GENE:G0087,gene,G0087,2.4733312129974365,1,1,0.12326882034540176,0.0,0.6254141208949187,0.11888985448334426,0.0,0.8202971391328693,0.867691365845461,smoking_intensity,0.8202971391328693,0.7465527433701898,0.32,0.425,0.5,0.7465527433701898,0.21564534139012825,2.4733312129974365,0.7465527433701898,False
152,GENE:G0152,gene,G0152,2.562967538833618,1,4,0.5240651667118073,0.0,0.6485087388130593,0.5054484275551071,0.0,0.7984130623849062,0.8396948525811153,smoking_intensity,0.7984130623849062,0.7441017956970872,0.37,0.91,0.5,0.7441017956970872,0.4610566151573359,2.562967538833618,0.7441017956970872,False
158,GENE:G0158,gene,G0158,2.444333076477051,1,2,0.268031507730484,0.0,0.6179428097157844,0.25851003410058426,0.0,0.8210822181193433,0.8686957250657067,smoking_intensity,0.8210822181193433,0.7433192673907456,0.3,0.625,0.5,0.7433192673907456,0.31418611325375057,2.444333076477051,0.7433192673907456,False
109,GENE:G0109,gene,G0109,2.3051631450653076,1,2,0.20650119334459305,0.0,0.5820859585824386,0.19916550477714876,0.0,0.846585018320585,0.9013217066108715,smoking_intensity,0.846585018320585,0.7417038325966551,0.21,0.505,0.5,0.7417038325966551,0.25977310402348497,2.3051631450653076,0.7417038325966551,False
182,GENE:G0182,gene,G0182,2.301151752471924,1,3,0.3400522395968437,0.0,0.5810524314002428,0.32797232235306417,0.0,0.8412489345843945,0.894495202535765,smoking_intensity,0.8412489345843945,0.7377738169680039,0.205,0.705,0.5,0.7377738169680039,0.33276214901287604,2.301151752471924,0.7377738169680039,False
98,GENE:G0098,gene,G0098,2.3207170963287354,1,0,0.0,0.0,0.5860934026425927,0.0,0.0,0.8356552468057672,0.8873391430915153,smoking_intensity,0.8356552468057672,0.736716272867054,0.22,0.1025,0.5,0.736716272867054,5.860934026425926e-07,2.3207170963287354,0.736716272867054,False
112,GENE:G0112,gene,G0112,2.5389461517333984,1,5,0.5213293880224228,0.0,0.6423196770485553,0.5028098338753089,0.0,0.7889675808288907,0.8276111557125357,smoking_intensity,0.7889675808288907,0.7349654163805455,0.36,0.905,0.5,0.7349654163805455,0.45546300591619066,2.5389461517333984,0.7349654163805455,False
117,GENE:G0117,gene,G0117,2.727134943008423,1,2,0.34582509100437164,0.0,0.6908061382062379,0.333540100659629,0.0,0.7510507191540287,0.7791037439972374,smoking_intensity,0.7510507191540287,0.7349549411017376,0.46,0.715,0.5,0.7349549411017376,0.3989607903992138,2.727134943008423,0.7349549411017376,False
119,GENE:G0119,gene,G0119,2.17040753364563,1,1,0.12341106683015823,0.0,0.5473664480599907,0.1190270478451861,0.0,0.8612316481619907,0.9200592833135781,smoking_intensity,0.8612316481619907,0.7337128656867844,0.18,0.43,0.5,0.7337128656867844,0.1888430490987717,2.17040753364563,0.7337128656867844,False
70,GENE:G0070,gene,G0070,2.5193395614624023,1,0,0.0,0.0,0.6372680787510779,0.0,0.0,0.7868944816302328,0.8249590196465747,smoking_intensity,0.7868944816302328,0.7311135491988263,0.355,0.1025,0.5,0.7311135491988263,6.372680787510779e-07,2.5193395614624023,0.7311135491988263,False
164,GENE:G0164,gene,G0164,2.510004997253418,1,4,0.4138026759028435,0.0,0.6348630471767938,0.3991028695257786,0.0,0.7795098324137116,0.8155117657311398,smoking_intensity,0.7795098324137116,0.7251874064539667,0.34,0.825,0.5,0.7251874064539667,0.40107212076424614,2.510004997253418,0.7251874064539667,False
72,GENE:G0072,gene,G0072,2.3421530723571777,1,2,0.312074176967144,0.0,0.5916163384776029,0.30098814431476945,0.0,0.8109007250135083,0.8556704414281465,smoking_intensity,0.8109007250135083,0.7236433899528747,0.235,0.65,0.5,0.7236433899528747,0.3245748417103377,2.3421530723571777,0.7236433899528747,False
111,GENE:G0111,gene,G0111,2.3072381019592285,1,4,0.42034057527780533,0.0,0.5826205670262217,0.4054085184574223,0.0,0.8178683010184653,0.8645841295078263,smoking_intensity,0.8178683010184653,0.723602348267024,0.215,0.83,0.5,0.723602348267024,0.3709644105938675,2.3072381019592285,0.723602348267024,False
196,GENE:G0196,gene,G0196,2.331185817718506,1,1,0.14077988266944885,0.0,0.5887906475188505,0.13577885890247668,0.0,0.8114527336758729,0.8563766315048817,smoking_intensity,0.8114527336758729,0.7225836395118661,0.23,0.455,0.5,0.7225836395118661,0.21695865517543791,2.331185817718506,0.7225836395118661,False
195,GENE:G0195,gene,G0195,2.454524517059326,1,2,0.21271935105323792,0.0,0.6205686137532372,0.20516277045279818,0.0,0.7835946965152091,0.8207375722989798,smoking_intensity,0.7835946965152091,0.7206530930261086,0.31,0.52,0.5,0.7206530930261086,0.2810859151192591,2.454524517059326,0.7206530930261086,False
102,GENE:G0102,gene,G0102,2.3473174571990967,1,1,0.11552713066339493,0.0,0.5929469317788537,0.11142317834277604,0.0,0.8019581846832029,0.8442301621850369,smoking_intensity,0.8019581846832029,0.7185885469819453,0.24,0.385,0.5,0.7185885469819453,0.197926341606618,2.3473174571990967,0.7185885469819453,False
136,GENE:G0136,gene,G0136,2.139996290206909,1,1,0.1045556515455246,0.0,0.5395310527436276,0.10084144687056998,0.0,0.840549723612066,0.8936006951052337,smoking_intensity,0.840549723612066,0.7165658739244306,0.16,0.33,0.5,0.7165658739244306,0.17133101184117377,2.139996290206909,0.7165658739244306,False
177,GENE:G0177,gene,G0177,2.3783071041107178,1,4,0.396659716963768,0.0,0.6009313515792588,0.3825688920936124,0.0,0.7907217416892937,0.829855270845272,smoking_intensity,0.7907217416892937,0.7153933112122655,0.255,0.8,0.5,0.7153933112122655,0.37168898338603135,2.3783071041107178,0.7153933112122655,False
114,GENE:G0114,gene,G0114,2.1451833248138428,1,4,0.4410066604614258,0.0,0.5408674817109889,0.4253404676180982,0.0,0.8368205984263145,0.8888299888090673,smoking_intensity,0.8368205984263145,0.7148487352600281,0.165,0.845,0.5,0.7148487352600281,0.35274366545636376,2.1451833248138428,0.7148487352600281,False
154,GENE:G0154,gene,G0154,2.231153964996338,1,1,0.14730314910411835,0.0,0.5630176431401985,0.1420703947101597,0.0,0.8186411131457757,0.8655727956152555,smoking_intensity,0.8186411131457757,0.714295219377727,0.19,0.475,0.5,0.714295219377727,0.21221388592849347,2.231153964996338,0.714295219377727,False
134,GENE:G0134,gene,G0134,2.364495038986206,1,2,0.2439093291759491,0.0,0.5973727009570318,0.23524476482864642,0.0,0.7904273370693659,0.8294786361376799,smoking_intensity,0.7904273370693659,0.7134256685473559,0.25,0.585,0.5,0.7134256685473559,0.2897379318421599,2.364495038986206,0.7134256685473559,False
160,GENE:G0160,gene,G0160,2.1145682334899902,1,3,0.3626292645931244,0.0,0.5329795653996315,0.34974732765410876,0.0,0.8260993635172788,0.8751142082075885,smoking_intensity,0.8260993635172788,0.70404688680361,0.155,0.735,0.5,0.70404688680361,0.31520112637313524,2.1145682334899902,0.70404688680361,False
7,GENE:G0007,gene,G0007,2.6748669147491455,1,1,0.09436988085508347,0.0,0.6773393865213385,0.09101751254724268,0.0,0.7110730251396724,0.7279598893287945,smoking_intensity,0.7110730251396724,0.7026496379250665,0.435,0.24,0.5,0.7026496379250665,0.20434725643077026,2.6748669147491455,0.7026496379250665,False
138,GENE:G0138,gene,G0138,2.3834667205810547,1,1,0.0962001383304596,0.0,0.6022607163192232,0.09278275248630273,0.0,0.7601036612168072,0.7906852612556943,smoking_intensity,0.7601036612168072,0.6964729887874588,0.26,0.25,0.5,0.6964729887874588,0.18345018853165657,2.3834667205810547,0.6964729887874588,False
168,GENE:G0168,gene,G0168,2.4247941970825195,1,3,0.3625124618411064,0.0,0.612908656988574,0.34963467416921484,0.0,0.7510016517173741,0.7790409715459721,smoking_intensity,0.7510016517173741,0.695974814267273,0.28,0.73,0.5,0.695974814267273,0.362412362400664,2.4247941970825195,0.695974814267273,False
145,GENE:G0145,gene,G0145,2.059391975402832,1,2,0.25295786559581757,0.0,0.5187635141861482,0.24397186366216367,0.0,0.8211926198518162,0.8688369630810536,smoking_intensity,0.8211926198518162,0.6938002386336009,0.15,0.6,0.5,0.6938002386336009,0.25623549809516327,2.059391975402832,0.6938002386336009,False
121,GENE:G0121,gene,G0121,2.182964563369751,1,0,0.0,0.0,0.5506017413516335,0.0,0.0,0.7915804218307496,0.8309537887424157,smoking_intensity,0.7915804218307496,0.6907777650470246,0.185,0.1025,0.5,0.6907777650470246,5.506017413516335e-07,2.182964563369751,0.6907777650470246,False
172,GENE:G0172,gene,G0172,2.011820077896118,1,1,0.14410489797592163,0.0,0.5065067110841738,0.13898575732848395,0.0,0.8196837961746866,0.8669067102046443,smoking_intensity,0.8196837961746866,0.686706710644409,0.145,0.465,0.5,0.686706710644409,0.18882972165504677,2.011820077896118,0.686706710644409,False
142,GENE:G0142,gene,G0142,2.168395757675171,1,1,0.11674226820468903,0.0,0.5468481180532526,0.11259514969008758,0.0,0.7847109806991018,0.8221656455652666,smoking_intensity,0.7847109806991018,0.6845068818092597,0.175,0.4,0.5,0.6845068818092597,0.18349598377272602,2.168395757675171,0.6845068818092597,False
188,GENE:G0188,gene,G0188,1.8222203254699707,1,3,0.3182037025690079,0.0,0.4576567186418413,0.3068999264249218,0.0,0.8332141418321994,0.884216213641064,smoking_intensity,0.8332141418321994,0.6709364661414526,0.105,0.665,0.5,0.6709364661414526,0.25353518288977767,1.8222203254699707,0.6709364661414526,False
144,GENE:G0144,gene,G0144,2.3258419036865234,1,2,0.23214352130889893,0.0,0.5874137988851662,0.22389692211162343,0.0,0.7237569575148931,0.7441865679808871,smoking_intensity,0.7237569575148931,0.6658001834330267,0.225,0.565,0.5,0.6658001834330267,0.2779509776805713,2.3258419036865234,0.6658001834330267,False
171,GENE:G0171,gene,G0171,1.933051586151123,1,1,0.09434918314218521,0.0,0.48621216862196387,0.09099755009390113,0.0,0.7992840093855258,0.8408090635910753,smoking_intensity,0.7992840093855258,0.6635106161065196,0.12,0.235,0.5,0.6635106161065196,0.14666979127355723,1.933051586151123,0.6635106161065196,False
162,GENE:G0162,gene,G0162,2.1528217792510986,1,1,0.11387863010168076,0.0,0.5428355140356955,0.10983323863743336,0.0,0.7532832875218142,0.7819598905298109,smoking_intensity,0.7532832875218142,0.6623977022827532,0.17,0.365,0.5,0.6623977022827532,0.17990165048295254,2.1528217792510986,0.6623977022827532,False
137,GENE:G0137,gene,G0137,1.871619701385498,1,1,0.11528632789850235,0.0,0.47038436785683396,0.11119092978554117,0.0,0.8052702366573901,0.8484673026454478,smoking_intensity,0.8052702366573901,0.6594258352511408,0.11,0.38,0.5,0.6594258352511408,0.15685109736072386,1.871619701385498,0.6594258352511408,False
181,GENE:G0181,gene,G0181,1.8732789754867554,1,0,0.0,0.0,0.4708118764704739,0.0,0.0,0.7987074670048339,0.8400714872887074,smoking_intensity,0.7987074670048339,0.6554416818795906,0.115,0.1025,0.5,0.6554416818795906,4.7081187647047386e-07,1.8732789754867554,0.6554416818795906,False
185,GENE:G0185,gene,G0185,1.7591749429702759,1,4,0.5996253341436386,0.0,0.44141320345142104,0.5783244174894316,0.0,0.819450725850577,0.8666085410611337,smoking_intensity,0.819450725850577,0.6540108722562774,0.095,0.95,0.5,0.6540108722562774,0.33568434202176173,1.7591749429702759,0.6540108722562774,False
197,GENE:G0197,gene,G0197,1.9390196800231934,1,2,0.25815390050411224,0.0,0.4877498359280397,0.24898331613170596,0.0,0.781816001936479,0.8184620709406112,smoking_intensity,0.781816001936479,0.6531059534343254,0.125,0.61,0.5,0.6531059534343254,0.24337852538609048,1.9390196800231934,0.6531059534343254,False
130,GENE:G0130,gene,G0130,1.715695858001709,1,1,0.09288597106933594,0.0,0.43021090521560795,0.08958631674282436,0.0,0.8216096930633806,0.8693705289168092,smoking_intensity,0.8216096930633806,0.6497907170662086,0.085,0.215,0.5,0.6497907170662086,0.12876631151535164,1.715695858001709,0.6497907170662086,False
183,GENE:G0183,gene,G0183,1.9499425888061523,1,1,0.09055160731077194,0.0,0.4905641012668285,0.08733487824613707,0.0,0.7610972768090634,0.7919564033938177,smoking_intensity,0.7610972768090634,0.641260252330323,0.135,0.21,0.5,0.641260252330323,0.14497383370504652,1.9499425888061523,0.641260252330323,False
118,GENE:G0118,gene,G0118,1.9468873739242554,1,3,0.335995689034462,0.0,0.48977693133659084,0.3240598755176477,0.0,0.7523878068028673,0.7808142932942183,smoking_intensity,0.7523878068028673,0.6352956123154045,0.13,0.69,0.5,0.6352956123154045,0.27881167548346286,1.9468873739242554,0.6352956123154045,False
173,GENE:G0173,gene,G0173,1.6776366233825684,1,0,0.0,0.0,0.4204050204519653,0.0,0.0,0.7974071799334864,0.8384080173301758,smoking_intensity,0.7974071799334864,0.6294065188910706,0.08,0.1025,0.5,0.6294065188910706,4.204050204519653e-07,1.6776366233825684,0.6294065188910706,False
148,GENE:G0148,gene,G0148,1.6671898365020752,1,1,0.09397650510072708,0.0,0.41771342695762503,0.09063811095922017,0.0,0.7881334344057621,0.8265440240410248,smoking_intensity,0.7881334344057621,0.6221287254993249,0.075,0.2275,0.5,0.6221287254993249,0.12575748928714153,1.6671898365020752,0.6221287254993249,False
126,GENE:G0126,gene,G0126,1.7786705493927002,1,2,0.24156604707241058,0.0,0.4464362069849572,0.23298472479968776,0.0,0.7311661404497417,0.7536652081219549,smoking_intensity,0.7311661404497417,0.600050707553456,0.1,0.58,0.5,0.600050707553456,0.21548802152643293,1.7786705493927002,0.600050707553456,False
169,GENE:G0169,gene,G0169,1.716672658920288,1,2,0.22752482444047928,0.0,0.4304625759951299,0.21944229849268673,0.0,0.7421081788237232,0.7676634647541276,smoking_intensity,0.7421081788237232,0.5990630203746288,0.09,0.555,0.5,0.5990630203746288,0.20164876757134995,1.716672658920288,0.5990630203746288,False
161,GENE:G0161,gene,G0161,1.5600810050964355,1,0,0.0,0.0,0.39011705334574165,0.0,0.0,0.7710334327316251,0.8046678247750508,smoking_intensity,0.7710334327316251,0.5973924390603962,0.06,0.1025,0.5,0.5973924390603962,3.9011705334574165e-07,1.5600810050964355,0.5973924390603962,False
187,GENE:G0187,gene,G0187,1.589931607246399,1,1,0.10584905743598938,0.0,0.39780800056885457,0.10208890618489118,0.0,0.761428482006482,0.7923801174398587,smoking_intensity,0.761428482006482,0.5950940590043566,0.07,0.335,0.5,0.5950940590043566,0.12710504495640423,1.589931607246399,0.5950940590043566,False
159,GENE:G0159,gene,G0159,1.5819423198699951,1,2,0.33292700350284576,0.0,0.39574957684749995,0.3211002010818356,0.0,0.7506336459424644,0.778570178161482,smoking_intensity,0.7506336459424644,0.587159877504491,0.065,0.685,0.5,0.587159877504491,0.2242542838330214,1.5819423198699951,0.587159877504491,False
15,GENE:G0015,gene,G0015,2.0072226524353027,1,0,0.0,0.0,0.5053221937198776,0.0,0.0,0.6622386588091562,0.6654856072069562,smoking_intensity,0.6622386588091562,0.5854039004634168,0.14,0.1025,0.5,0.5854039004634168,5.053221937198776e-07,2.0072226524353027,0.5854039004634168,False
128,GENE:G0128,gene,G0128,1.5410284996032715,1,1,0.10740454494953156,0.0,0.3852082138697455,0.10358913701063857,0.0,0.741543903302195,0.7669415815645761,smoking_intensity,0.741543903302195,0.5760748977171608,0.055,0.34,0.5,0.5760748977171608,0.12398028964179672,1.5410284996032715,0.5760748977171608,False
170,GENE:G0170,gene,G0170,1.286958932876587,1,2,0.3393760323524475,0.0,0.3197477042667087,0.32732013649891567,0.0,0.7655133461079797,0.7976059240076991,smoking_intensity,0.7655133461079797,0.5586768141372039,0.025,0.7,0.5,0.5586768141372039,0.18293373299988971,1.286958932876587,0.5586768141372039,False
113,GENE:G0113,gene,G0113,1.3391560316085815,1,0,0.0,0.0,0.3331961811024726,0.0,0.0,0.752289671929558,0.7806887483916874,smoking_intensity,0.752289671929558,0.55694246474708,0.035,0.1025,0.5,0.55694246474708,3.331961811024726e-07,1.3391560316085815,0.55694246474708,False
179,GENE:G0179,gene,G0179,1.2985115051269531,1,3,0.3911903500556946,0.0,0.3227242011233684,0.37729381739106516,0.0,0.7499221681109725,0.7776599776181345,smoking_intensity,0.7499221681109725,0.5501920893707515,0.03,0.79,0.5,0.5501920893707515,0.19823091185598363,1.2985115051269531,0.5501920893707515,False
147,GENE:G0147,gene,G0147,1.3620905876159668,1,3,0.37358905375003815,0.0,0.3391052230357706,0.36031778443614465,0.0,0.7346131278747291,0.7580749728233456,smoking_intensity,0.7346131278747291,0.5485900979295582,0.04,0.75,0.5,0.5485900979295582,0.20355291598107547,1.3620905876159668,0.5485900979295582,False
178,GENE:G0178,gene,G0178,1.4740447998046875,1,2,0.2891140729188919,0.0,0.3679499991988437,0.2788436683510148,0.0,0.6717086740834989,0.6776006903011683,smoking_intensity,0.6717086740834989,0.522775344750006,0.045,0.64,0.5,0.522775344750006,0.1942983891560065,1.4740447998046875,0.522775344750006,False
106,GENE:G0106,gene,G0106,0.7745535373687744,1,1,0.10308989882469177,0.0,0.18772749127768038,0.09942776312475257,0.0,0.7565830726368378,0.7861813378774055,smoking_intensity,0.7565830726368378,0.48695441457754296,0.015,0.31,0.5,0.48695441457754296,0.059194548303283044,0.7745535373687744,0.48695441457754296,False
157,GENE:G0157,gene,G0157,1.0375689268112183,1,4,0.5369577780365944,0.0,0.25549287399612647,0.5178830454902777,0.0,0.6941692932121538,0.7063347798678818,smoking_intensity,0.6941692932121538,0.48091382693200413,0.02,0.925,0.5,0.48091382693200413,0.18386312543202749,1.0375689268112183,0.48091382693200413,False
176,GENE:G0176,gene,G0176,1.5280886888504028,1,0,0.0,0.0,0.38187429782083576,0.0,0.0,0.45161668696917523,0.39603486015044626,smoking_intensity,0.45161668696917523,0.388954578985641,0.05,0.1025,0.5,0.388954578985641,3.8187429782083574e-07,1.5280886888504028,0.388954578985641,False
184,GENE:G0184,gene,G0184,0.40245693922042847,1,0,0.0,0.0,0.09185755592824175,0.0,0.0,0.6557372234524181,0.6571682574142972,smoking_intensity,0.6557372234524181,0.37451290667126946,0.005,0.1025,0.5,0.37451290667126946,9.185755592824176e-08,0.40245693922042847,0.37451290667126946,False
149,GENE:G0149,gene,G0149,0.6013842225074768,1,2,0.19147410988807678,0.0,0.14311076781696097,0.18467223907988412,0.0,0.6001683514410546,0.5860784563562899,smoking_intensity,0.6001683514410546,0.3645946120866254,0.01,0.49,0.5,0.3645946120866254,0.06149971727304741,0.6013842225074768,0.3645946120866254,False
200,CpG:cg_dummy,CpG,,0.045933447778224945,1,0,0.0,0.0,0.0,0.0,0.0,0.14204752053162814,0.0,smoking_intensity,0.14204752053162814,0.0,0.0,0.1025,0.5,0.0,0.0,0.045933447778224945,0.0,False
