edge_idx,src_idx,src_label,src_gene,dst_idx,dst_label,dst_gene,edge_type_name,EdgeDelta,RawEdgeDelta,BaseRewiringScore,ExposureEdgeSignal,ExposureContrastScore,CancerRewiringPotentialEdgeScore,ExposureDependentRewiringScore,ExposureAnchoredRewiringEdgeScore,MixedCancerExposureRewiringScore,RewiringPotentialEdgeScore,CombinedEdgeScore,mean_abs_delta_alpha,mean_delta_alpha,alpha_n_mean,alpha_t_mean,Direction,IsTopRewiredEdge,TopRewiredEdgeFraction,TopRewiredEdgeThreshold
1508,96,GENE:G0096,G0096,155,GENE:G0155,G0155,PPI,0.9452226498075866,0.13072601,0.13072601,0.9846069268829027,0.26145196,0.7413402772970631,0.3609628617775002,0.9452226498075866,0.5233138165804482,0.9452226498075866,0.9452226498075866,0.13072601,-0.014871014282107353,0.4888804256916046,0.4740093946456909,-1,True,0.1,0.6850506459593184
1562,107,GENE:G0107,G0107,142,GENE:G0142,G0142,PPI,0.942319956019791,0.12279422,0.12279422,0.9815832875206156,0.23831528,0.6449414663536972,0.8329010386862543,0.942319956019791,0.7718843807944924,0.942319956019791,0.942319956019791,0.12279422,0.0242399163544178,0.30278170108795166,0.32702159881591797,1,True,0.1,0.6850506459593184
1234,67,GENE:G0067,G0067,72,GENE:G0072,G0072,PPI,0.9262974161627268,0.20537908,0.20537908,0.9802089059923035,0.3641302,0.5281177218289755,0.5262407414489217,0.9262974161627268,0.5347004124170467,0.9262974161627268,0.9262974161627268,0.20537908,0.011390154249966145,0.10786008834838867,0.11925025284290314,1,True,0.1,0.6850506459593184
1200,64,GENE:G0064,G0064,177,GENE:G0177,G0177,PPI,0.9254727872457394,0.11375329,0.11375329,0.9540956569543706,0.20320074,0.33451509087149,0.5849431230380342,0.9254727872457394,0.5133372853500626,0.9254727872457394,0.9254727872457394,0.11375329,-0.000700704928021878,0.3224148154258728,0.3217141032218933,-1,True,0.1,0.6850506459593184
360,22,GENE:G0022,G0022,29,GENE:G0029,G0029,PPI,0.9125302363936229,0.181206,0.181206,0.9656404617921935,0.3327281,0.5590765124856726,0.6503572380298609,0.9125302363936229,0.6284667602870879,0.9125302363936229,0.9125302363936229,0.181206,-0.006893625948578119,0.1031997948884964,0.09630616009235382,-1,True,0.1,0.6850506459593184
110,5,GENE:G0005,G0005,68,GENE:G0068,G0068,PPI,0.9120189664650907,0.060928203,0.060928203,0.9354040681693239,0.11647189,0.47848380986290806,0.8209469767703832,0.9120189664650907,0.6900053601800037,0.9120189664650907,0.9120189664650907,0.060928203,-0.01378626562654972,0.1172650158405304,0.10347874462604523,-1,True,0.1,0.6850506459593184
877,78,GENE:G0078,G0078,45,GENE:G0045,G0045,PPI,0.9097306212204508,0.14560457,0.14560457,0.9476360637713029,0.27745497,0.6382747373586629,0.5042991133947621,0.9097306212204508,0.5552617898173576,0.9097306212204508,0.9097306212204508,0.14560457,-0.03150426968932152,0.15530867874622345,0.12380440533161163,-1,True,0.1,0.6850506459593184
955,56,GENE:G0056,G0056,50,GENE:G0050,G0050,PPI,0.9087410665200659,0.044786096,0.044786096,0.9087410665200659,0.08655019,0.4306650434895026,0.8077067274229064,0.9087410665200659,0.6464870531404665,0.9087410665200659,0.9087410665200659,0.044786096,0.04289153963327408,0.13228686153888702,0.1751783788204193,1,True,0.1,0.6850506459593184
1616,117,GENE:G0117,G0117,170,GENE:G0170,G0170,PPI,0.9049972512369433,0.14808849,0.14808849,0.9576690489279824,0.28298876,0.7051627201766889,0.5924597725028944,0.9049972512369433,0.6464079681184298,0.9049972512369433,0.9049972512369433,0.14808849,-0.07622530311346054,0.3819059133529663,0.3056805729866028,-1,True,0.1,0.6850506459593184
1695,195,GENE:G0195,G0195,135,GENE:G0135,G0135,PPI,0.9021728971962618,0.20874661,0.20874661,0.985981308411215,0.2964783,0.49914045406234614,0.7456228996578577,0.9021728971962618,0.683241205880081,0.9021728971962618,0.9021728971962618,0.20874661,-0.05702419579029083,0.30626633763313293,0.2492421567440033,-1,True,0.1,0.6850506459593184
776,39,GENE:G0039,G0039,135,GENE:G0135,G0135,PPI,0.8930483782297964,0.0642506,0.0642506,0.9351291918636613,0.1185178,0.3971597493542499,0.4792251999457304,0.8930483782297964,0.4547917775014303,0.8930483782297964,0.8930483782297964,0.0642506,-0.006160252261906862,0.2774636149406433,0.2713033854961395,-1,True,0.1,0.6850506459593184
405,29,GENE:G0029,G0029,24,GENE:G0024,G0024,PPI,0.8920285871357889,0.1984529,0.1984529,0.9389774601429357,0.37107173,0.5404541208138345,0.637364454221423,0.8920285871357889,0.6179620285235479,0.8920285871357889,0.8920285871357889,0.1984529,0.010586812160909176,0.1888459324836731,0.19943276047706604,1,True,0.1,0.6850506459593184
1153,68,GENE:G0068,G0068,60,GENE:G0060,G0060,PPI,0.8920285871357889,0.1984529,0.1984529,0.9389774601429357,0.37107173,0.6087386741708452,0.5054368356409281,0.8920285871357889,0.5440172131836704,0.8920285871357889,0.8920285871357889,0.1984529,0.012221320532262325,0.12505610287189484,0.13727740943431854,1,True,0.1,0.6850506459593184
639,139,GENE:G0139,G0139,32,GENE:G0032,G0032,PPI,0.8846783947223749,0.057676736,0.057676736,0.9120395821880154,0.110160366,0.6586200759752834,0.8232641370389102,0.8846783947223749,0.7507570447505143,0.8846783947223749,0.8846783947223749,0.057676736,0.019798632711172104,0.12272182106971741,0.1425204575061798,1,True,0.1,0.6850506459593184
1173,74,GENE:G0074,G0074,62,GENE:G0062,G0062,PPI,0.8750343595382079,0.04471822,0.04471822,0.8974711379879055,0.08087017,0.42907984965125795,0.7674559022021754,0.8750343595382079,0.6216392669380995,0.8750343595382079,0.8750343595382079,0.04471822,-0.029125986620783806,0.1642073094844818,0.13508130609989166,-1,True,0.1,0.6850506459593184
126,6,GENE:G0006,G0006,67,GENE:G0067,G0067,PPI,0.8710720175920835,0.1296514,0.1296514,0.9073666849917537,0.24517168,0.6843743138669484,0.7249854134942432,0.8710720175920835,0.7226717518540114,0.8710720175920835,0.8710720175920835,0.1296514,-0.018794339150190353,0.1506330966949463,0.13183876872062683,-1,True,0.1,0.6850506459593184
1791,191,GENE:G0191,G0191,163,GENE:G0163,G0163,PPI,0.869824079164376,0.057876233,0.057876233,0.8875755909840571,0.088006854,0.5094824677554046,0.48525308802781225,0.869824079164376,0.48472850756560004,0.869824079164376,0.869824079164376,0.057876233,-0.01141738798469305,0.3396643400192261,0.32824695110321045,-1,True,0.1,0.6850506459593184
1352,76,GENE:G0076,G0076,77,GENE:G0077,G0077,PPI,0.8657806487080815,0.13550334,0.13550334,0.9727872457394173,0.2637787,0.31159751925981244,0.36130895057282925,0.8657806487080815,0.34635870475859426,0.8657806487080815,0.8657806487080815,0.13550334,0.06357795000076294,0.10883685946464539,0.17241479456424713,1,True,0.1,0.6850506459593184
379,99,GENE:G0099,G0099,22,GENE:G0022,G0022,PPI,0.8521199835074217,0.065620154,0.065620154,0.8739692138537658,0.093267225,0.5969538156340226,0.6341548559550223,0.8521199835074217,0.6221076014052174,0.8521199835074217,0.8521199835074217,0.065620154,0.021465249359607697,0.1723478138446808,0.1938130259513855,1,True,0.1,0.6850506459593184
1260,69,GENE:G0069,G0069,79,GENE:G0079,G0079,PPI,0.8479494227597582,0.04225971,0.04225971,0.8565145684442002,0.06313429,0.4549825016542192,0.8240587155623318,0.8479494227597582,0.6751125572113036,0.8479494227597582,0.8479494227597582,0.04225971,0.023879067972302437,0.13084466755390167,0.15472374856472015,1,True,0.1,0.6850506459593184
722,36,GENE:G0036,G0036,148,GENE:G0148,G0148,PPI,0.8477570093457942,0.07861361,0.07861361,0.9018691588785046,0.12913382,0.691689462855499,0.7022428398453565,0.8477570093457942,0.6966722987609277,0.8477570093457942,0.8477570093457942,0.07861361,0.01673177443444729,0.6567435264587402,0.6734752058982849,1,True,0.1,0.6850506459593184
1573,149,GENE:G0149,G0149,108,GENE:G0108,G0108,PPI,0.8436943375481033,0.075465925,0.075465925,0.8927982407916437,0.13982023,0.6896758523159057,0.595001634917539,0.8436943375481033,0.6398534224015648,0.8436943375481033,0.8436943375481033,0.075465925,-0.09122520685195923,0.4384506940841675,0.347225546836853,-1,True,0.1,0.6850506459593184
574,30,GENE:G0030,G0030,94,GENE:G0094,G0094,PPI,0.8417715777899945,0.03582299,0.03582299,0.8545904343045629,0.067127414,0.35975332242629277,0.7538582434493524,0.8417715777899945,0.5786966645496862,0.8417715777899945,0.8417715777899945,0.03582299,0.0236353762447834,0.1239624097943306,0.1475977748632431,1,True,0.1,0.6850506459593184
925,116,GENE:G0116,G0116,48,GENE:G0048,G0048,PPI,0.8378064870808136,0.085301206,0.085301206,0.9466739967014843,0.1649038,0.7211521898233093,0.8162284466332134,0.8378064870808136,0.777365462079029,0.8378064870808136,0.8378064870808136,0.085301206,0.03431985527276993,0.14642830193042755,0.18074816465377808,1,True,0.1,0.6850506459593184
1472,88,GENE:G0088,G0088,89,GENE:G0089,G0089,PPI,0.8356239692138537,0.038419504,0.038419504,0.8356239692138537,0.05856327,0.3951665297781558,0.8314353515129534,0.8356239692138537,0.6496785149209553,0.8356239692138537,0.8356239692138537,0.038419504,-0.04842328652739525,0.1988324522972107,0.15040917694568634,-1,True,0.1,0.6850506459593184
1641,189,GENE:G0189,G0189,123,GENE:G0123,G0123,PPI,0.8345244639912041,0.06769447,0.06769447,0.9070918086860913,0.12809291,0.7254245209396211,0.6987551409508906,0.8345244639912041,0.6969544893716765,0.8345244639912041,0.8345244639912041,0.06769447,-0.21804027259349823,1.081406593322754,0.8633663058280945,-1,True,0.1,0.6850506459593184
657,35,GENE:G0035,G0035,34,GENE:G0034,G0034,PPI,0.8309620670698186,0.11020912,0.11020912,0.865585486531061,0.20775893,0.6302155183590995,0.7749770117685815,0.8309620670698186,0.7481985686971898,0.8309620670698186,0.8309620670698186,0.11020912,-0.002249217126518488,0.13309139013290405,0.1308421790599823,-1,True,0.1,0.6850506459593184
1523,134,GENE:G0134,G0134,99,GENE:G0099,G0099,PPI,0.829784222100055,0.06379409,0.06379409,0.8688840021990105,0.12182908,0.39609283263335204,0.4452765599730905,0.829784222100055,0.4370420670628949,0.829784222100055,0.829784222100055,0.06379409,0.007414279505610466,0.1509581059217453,0.15837238729000092,1,True,0.1,0.6850506459593184
1635,134,GENE:G0134,G0134,121,GENE:G0121,G0121,PPI,0.8234332050577239,0.14395599,0.14395599,0.8713578889499725,0.24044779,0.7293166425590382,0.6533876999561538,0.8234332050577239,0.7006947510672422,0.8234332050577239,0.8234332050577239,0.14395599,0.0,2.0,2.0,0,True,0.1,0.6850506459593184
93,29,GENE:G0029,G0029,4,GENE:G0004,G0004,PPI,0.8210665200659704,0.10418664,0.10418664,0.8378229796591534,0.17543799,0.7862947509040075,0.6094838267777278,0.8210665200659704,0.6759560912236884,0.8210665200659704,0.8210665200659704,0.10418664,0.04194650053977966,0.19318540394306183,0.2351318746805191,1,True,0.1,0.6850506459593184
1118,58,GENE:G0058,G0058,82,GENE:G0082,G0082,PPI,0.81967427157779,0.08122098,0.08122098,0.905717427157779,0.12824862,0.5239783807296567,0.40870342093160184,0.81967427157779,0.44453987936427347,0.81967427157779,0.81967427157779,0.08122098,0.09702794253826141,0.09238474071025848,0.1894126832485199,1,True,0.1,0.6850506459593184
72,2,GENE:G0002,G0002,196,GENE:G0196,G0196,PPI,0.8158713578889499,0.0408786,0.0408786,0.8543155579989005,0.07189762,0.3588843969589968,0.6934969359092014,0.8158713578889499,0.5533789292602522,0.8158713578889499,0.8158713578889499,0.0408786,0.019861508160829544,0.2539210617542267,0.27378255128860474,1,True,0.1,0.6850506459593184
70,2,GENE:G0002,G0002,163,GENE:G0163,G0163,PPI,0.8145547003848268,0.040582284,0.040582284,0.8397471137987905,0.06722178,0.27259277500006257,0.5639763122560375,0.8145547003848268,0.44600945016917337,0.8145547003848268,0.8145547003848268,0.040582284,-0.013830483891069889,0.31409943103790283,0.3002689778804779,-1,True,0.1,0.6850506459593184
95,35,GENE:G0035,G0035,4,GENE:G0004,G0004,PPI,0.8121770203408466,0.054093763,0.054093763,0.9024189114898296,0.1016879,0.4241176732381124,0.7609269893229584,0.8121770203408466,0.6304092858327952,0.8121770203408466,0.8121770203408466,0.054093763,-0.021671483293175697,0.2006979137659073,0.17902640998363495,-1,True,0.1,0.6850506459593184
690,35,GENE:G0035,G0035,84,GENE:G0084,G0084,PPI,0.8121522814733371,0.048400525,0.048400525,0.8732820230896097,0.08115038,0.30401857105295865,0.5191439446052643,0.8121522814733371,0.43351352306198637,0.8121522814733371,0.8121522814733371,0.048400525,0.010913100093603134,0.14208629727363586,0.1529994159936905,1,True,0.1,0.6850506459593184
1410,81,GENE:G0081,G0081,171,GENE:G0171,G0171,PPI,0.809648158328752,0.08309524,0.08309524,0.9414513468938978,0.1621987,0.6784363789063883,0.7636209315583925,0.809648158328752,0.7283829695459807,0.809648158328752,0.809648158328752,0.08309524,-0.026068411767482758,0.5097145438194275,0.4836461544036865,-1,True,0.1,0.6850506459593184
1313,166,GENE:G0166,G0166,72,GENE:G0072,G0072,PPI,0.8071728971962617,0.03585432,0.03585432,0.8364485981308412,0.068597145,0.4994951661629311,0.7186768107476422,0.8071728971962617,0.6103395158393566,0.8071728971962617,0.8071728971962617,0.03585432,-0.05244208872318268,0.166251540184021,0.1138094812631607,-1,True,0.1,0.6850506459593184
883,103,GENE:G0103,G0103,45,GENE:G0045,G0045,PPI,0.8056074766355141,0.09804224,0.09804224,0.9477735019241342,0.17149258,0.6432814990266422,0.7017685198504444,0.8056074766355141,0.6834304022799101,0.8056074766355141,0.8056074766355141,0.09804224,-0.019153064116835594,0.15727825462818146,0.13812518119812012,-1,True,0.1,0.6850506459593184
1072,55,GENE:G0055,G0055,89,GENE:G0089,G0089,PPI,0.8022319956019791,0.03056172,0.03056172,0.8103353490929082,0.052938104,0.20073071596956352,0.6087231375588488,0.8022319956019791,0.42580170728303857,0.8022319956019791,0.8022319956019791,0.03056172,-3.699436638271436e-05,0.1893182247877121,0.18928124010562897,-1,True,0.1,0.6850506459593184
815,58,GENE:G0058,G0058,42,GENE:G0042,G0042,PPI,0.8019598680593734,0.03507716,0.03507716,0.8100604727872458,0.056041587,0.33093143741331993,0.7320858499166426,0.8019598680593734,0.5614346213101831,0.8019598680593734,0.8019598680593734,0.03507716,0.052934352308511734,0.1312849223613739,0.18421928584575653,1,True,0.1,0.6850506459593184
971,172,GENE:G0172,G0172,50,GENE:G0050,G0050,PPI,0.8012094557449146,0.115257815,0.115257815,0.953820780648708,0.2233072,0.591838339126784,0.6303882286668314,0.8012094557449146,0.6181562455556288,0.8012094557449146,0.8012094557449146,0.115257815,-0.03432193771004677,0.1638067215681076,0.12948480248451233,-1,True,0.1,0.6850506459593184
669,73,GENE:G0073,G0073,34,GENE:G0034,G0034,PPI,0.7998130841121496,0.07602928,0.07602928,0.8554150632215503,0.15205844,0.7096820083942057,0.3094900683181457,0.7998130841121496,0.46558321739322855,0.7998130841121496,0.7998130841121496,0.07602928,-0.035054873675107956,0.14874613285064697,0.11369125545024872,-1,True,0.1,0.6850506459593184
349,78,GENE:G0078,G0078,21,GENE:G0021,G0021,PPI,0.7987245739417262,0.06913786,0.06913786,0.9076415612974162,0.10315558,0.6239341510032859,0.6838101889221219,0.7987245739417262,0.658424966795376,0.7987245739417262,0.7987245739417262,0.06913786,-0.035077158361673355,0.16905640065670013,0.13397926092147827,-1,True,0.1,0.6850506459593184
1580,109,GENE:G0109,G0109,164,GENE:G0164,G0164,PPI,0.7985294117647059,0.040448472,0.040448472,0.8823529411764706,0.073664665,0.4888907202524132,0.537475355514527,0.7985294117647059,0.5011766664197751,0.7985294117647059,0.7985294117647059,0.040448472,-0.10433259606361389,0.3770595192909241,0.272726833820343,-1,True,0.1,0.6850506459593184
1514,98,GENE:G0098,G0098,122,GENE:G0122,G0122,PPI,0.7985046728971962,0.1279858,0.1279858,0.8317757009345794,0.24584156,0.7396506128473832,0.30493400886061295,0.7985046728971962,0.4816966433498541,0.7985046728971962,0.7985046728971962,0.1279858,-0.027595365419983864,0.350136399269104,0.3225410580635071,-1,True,0.1,0.6850506459593184
185,82,GENE:G0082,G0082,10,GENE:G0010,G0010,PPI,0.7957462891698736,0.09861516,0.09861516,0.9645409565695438,0.18479538,0.3301402145511341,0.7356008226575845,0.7957462891698736,0.6152817634288614,0.7957462891698736,0.7957462891698736,0.09861516,-0.0613863468170166,0.3483334481716156,0.2869470715522766,-1,True,0.1,0.6850506459593184
1144,59,GENE:G0059,G0059,156,GENE:G0156,G0156,PPI,0.794670148433205,0.06082508,0.06082508,0.9134139637163277,0.11831835,0.6892026783949092,0.7808487436802531,0.794670148433205,0.7346788426642583,0.794670148433205,0.794670148433205,0.06082508,-0.039435677230358124,0.4065794050693512,0.3671437203884125,-1,True,0.1,0.6850506459593184
1122,58,GENE:G0058,G0058,180,GENE:G0180,G0180,PPI,0.792292468389225,0.044729162,0.044729162,0.8611874656404619,0.07140462,0.525722072681343,0.5602353770810493,0.792292468389225,0.5305202086311616,0.792292468389225,0.792292468389225,0.044729162,0.18402902781963348,0.24724136292934418,0.4312703609466553,1,True,0.1,0.6850506459593184
893,62,GENE:G0062,G0062,46,GENE:G0046,G0046,PPI,0.7917798240791644,0.091764,0.091764,0.9260582737768004,0.15128793,0.6676521842018407,0.6877034941224612,0.7917798240791644,0.6808100055028399,0.7917798240791644,0.7917798240791644,0.091764,-0.030291754752397537,0.14131328463554382,0.11102151870727539,-1,True,0.1,0.6850506459593184
827,97,GENE:G0097,G0097,42,GENE:G0042,G0042,PPI,0.790819131390874,0.11687551,0.11687551,0.9414513468938976,0.2200365,0.7879619716008863,0.7596059805635982,0.790819131390874,0.7694603081328328,0.790819131390874,0.790819131390874,0.11687551,-0.03855469822883606,0.1562833935022354,0.11772870272397995,-1,True,0.1,0.6850506459593184
580,30,GENE:G0030,G0030,144,GENE:G0144,G0144,PPI,0.7902501374381529,0.039478913,0.039478913,0.8636613523914238,0.06932711,0.4581641296512756,0.4212507692943828,0.7902501374381529,0.4256980998027148,0.7902501374381529,0.7902501374381529,0.039478913,0.11737060546875,0.2015816867351532,0.3189523220062256,1,True,0.1,0.6850506459593184
461,46,GENE:G0046,G0046,26,GENE:G0026,G0026,PPI,0.7887410665200659,0.10055417,0.10055417,0.9389774601429357,0.19645783,0.7584065079596356,0.7527062599473003,0.7887410665200659,0.7519082889465497,0.7887410665200659,0.7887410665200659,0.10055417,0.05214512720704079,0.1446128487586975,0.19675800204277039,1,True,0.1,0.6850506459593184
1418,82,GENE:G0082,G0082,92,GENE:G0092,G0092,PPI,0.7874505222649808,0.13369732,0.13369732,0.8897746014293568,0.23706129,0.8036806964192738,0.5125866297247942,0.7874505222649808,0.6242724589472339,0.7874505222649808,0.7874505222649808,0.13369732,-0.017223572358489037,0.13977867364883423,0.12255511432886124,-1,True,0.1,0.6850506459593184
560,30,GENE:G0030,G0030,47,GENE:G0047,G0047,PPI,0.7869928532160528,0.027585164,0.027585164,0.7949422759758109,0.043346375,0.21995187702745386,0.41478165307288273,0.7869928532160528,0.3305197491106694,0.7869928532160528,0.7869928532160528,0.027585164,-0.01426142081618309,0.19982503354549408,0.18556365370750427,-1,True,0.1,0.6850506459593184
190,11,GENE:G0011,G0011,12,GENE:G0012,G0012,PPI,0.779872182517867,0.12056236,0.12056236,0.8617372182517867,0.21918017,0.8548136039472177,0.751343931585338,0.779872182517867,0.7980073405460367,0.779872182517867,0.779872182517867,0.12056236,0.10386008024215698,0.3517214059829712,0.45558151602745056,1,True,0.1,0.6850506459593184
1693,137,GENE:G0137,G0137,134,GENE:G0134,G0134,PPI,0.7798172072567345,0.07790321,0.07790321,0.84304562946674,0.14896555,0.7024607941767239,0.7091737717907882,0.7798172072567345,0.7122078767130532,0.7798172072567345,0.7798172072567345,0.07790321,-0.05684991180896759,0.33652275800704956,0.2796728312969208,-1,True,0.1,0.6850506459593184
1697,177,GENE:G0177,G0177,136,GENE:G0136,G0136,PPI,0.7779659153380978,0.050953764,0.050953764,0.793842770753161,0.09243222,0.6445497109506956,0.5001209455744915,0.7779659153380978,0.5451684566562415,0.7779659153380978,0.7779659153380978,0.050953764,-0.0766080766916275,1.0329574346542358,0.9563493132591248,-1,True,0.1,0.6850506459593184
1809,196,GENE:G0196,G0196,181,GENE:G0181,G0181,PPI,0.777456019791094,0.11776876,0.11776876,0.8227047828477185,0.16100186,0.7104160422448321,0.6169051690753212,0.777456019791094,0.672646107014104,0.777456019791094,0.777456019791094,0.11776876,0.0,2.0,2.0,0,True,0.1,0.6850506459593184
430,25,GENE:G0025,G0025,59,GENE:G0059,G0059,PPI,0.7769241341396371,0.060964826,0.060964826,0.7847718526663001,0.12192913,0.1064700362671402,0.22765147996673238,0.7769241341396371,0.19307378442109696,0.7769241341396371,0.7769241341396371,0.060964826,-0.016175854951143265,0.09912838041782379,0.08295253664255142,-1,True,0.1,0.6850506459593184
354,21,GENE:G0021,G0021,122,GENE:G0122,G0122,PPI,0.7753140461792193,0.03610928,0.03610928,0.8118471687740516,0.06689333,0.37553428183168297,0.6708555038236383,0.7753140461792193,0.5448936029490858,0.7753140461792193,0.7753140461792193,0.03610928,0.000389928522054106,0.3259446322917938,0.32633453607559204,1,True,0.1,0.6850506459593184
1330,74,GENE:G0074,G0074,77,GENE:G0077,G0077,PPI,0.7752336448598132,0.23967865,0.23967865,0.9813084112149533,0.4697368,0.48436374958745676,0.634975548402939,0.7752336448598132,0.5942443694325117,0.7752336448598132,0.7752336448598132,0.23967865,-0.017102044075727463,0.11845038086175919,0.10134833306074142,-1,True,0.1,0.6850506459593184
97,49,GENE:G0049,G0049,4,GENE:G0004,G0004,PPI,0.7748982957669048,0.06720753,0.06720753,0.9010445299615173,0.091232255,0.6175059332549211,0.6140339161363374,0.7748982957669048,0.6093361385174972,0.7748982957669048,0.7748982957669048,0.06720753,-0.050813645124435425,0.21524150669574738,0.16442787647247314,-1,True,0.1,0.6850506459593184
655,192,GENE:G0192,G0192,33,GENE:G0033,G0033,PPI,0.7743691588785048,0.10277298,0.10277298,0.8282023089609676,0.1917116,0.7654589330156033,0.29964446524504273,0.7743691588785048,0.47654776929274867,0.7743691588785048,0.7743691588785048,0.10277298,0.03526434302330017,0.18727965652942657,0.22254405915737152,1,True,0.1,0.6850506459593184
1779,174,GENE:G0174,G0174,158,GENE:G0158,G0158,PPI,0.7737328202308961,0.09493212,0.09493212,0.9211105002748763,0.18585685,0.7242403287843582,0.5663144367795043,0.7737328202308961,0.6165557927643319,0.7737328202308961,0.7737328202308961,0.09493212,-0.021412421017885208,0.4103430509567261,0.38893067836761475,-1,True,0.1,0.6850506459593184
40,1,GENE:G0001,G0001,94,GENE:G0094,G0094,PPI,0.773459318306762,0.06311005,0.06311005,0.894172622319956,0.108467415,0.5799387661959234,0.6678966722149206,0.773459318306762,0.6320189239991247,0.773459318306762,0.773459318306762,0.06311005,0.008733709342777729,0.1224534884095192,0.13118721544742584,1,True,0.1,0.6850506459593184
1598,114,GENE:G0114,G0114,142,GENE:G0142,G0142,PPI,0.7727803738317757,0.060257506,0.060257506,0.8831775700934579,0.101770535,0.6278627383621029,0.6634862310861822,0.7727803738317757,0.6420434207294616,0.7727803738317757,0.7727803738317757,0.060257506,-0.028860345482826233,0.33106595277786255,0.30220553278923035,-1,True,0.1,0.6850506459593184
399,165,GENE:G0165,G0165,23,GENE:G0023,G0023,PPI,0.7721619021440351,0.056762513,0.056762513,0.9359538207806487,0.11144385,0.4395478879428236,0.7556052059327284,0.7721619021440351,0.6302092802081692,0.7721619021440351,0.7721619021440351,0.056762513,0.04208476468920708,0.18559449911117554,0.2276792675256729,1,True,0.1,0.6850506459593184
1088,56,GENE:G0056,G0056,96,GENE:G0096,G0096,PPI,0.7696261682242991,0.060567282,0.060567282,0.8551401869158879,0.10689766,0.44190715635646033,0.30891754316621356,0.7696261682242991,0.3724680243681447,0.7696261682242991,0.7696261682242991,0.060567282,0.11600116640329361,0.1467745453119278,0.262775719165802,1,True,0.1,0.6850506459593184
1683,140,GENE:G0140,G0140,131,GENE:G0131,G0131,PPI,0.7681267179769103,0.03587162,0.03587162,0.779824079164376,0.064711794,0.48056433883388083,0.6475357884854929,0.7681267179769103,0.5693749306092708,0.7681267179769103,0.7681267179769103,0.03587162,0.08033044636249542,0.49160680174827576,0.5719372630119324,1,True,0.1,0.6850506459593184
1587,132,GENE:G0132,G0132,112,GENE:G0112,G0112,PPI,0.7679164376030786,0.028445942,0.028445942,0.8169323804288071,0.05092326,0.25765312813066776,0.3265686552136529,0.7679164376030786,0.2924051227003277,0.7679164376030786,0.7679164376030786,0.028445942,-0.033874232321977615,0.3355671167373657,0.3016928732395172,-1,True,0.1,0.6850506459593184
527,43,GENE:G0043,G0043,29,GENE:G0029,G0029,PPI,0.7667605827377679,0.04994842,0.04994842,0.7864211105002749,0.061657578,0.45085899322925893,0.7588556233309943,0.7667605827377679,0.6533844416738683,0.7667605827377679,0.7667605827377679,0.04994842,-0.008654422126710415,0.1013694778084755,0.0927150547504425,-1,True,0.1,0.6850506459593184
1426,83,GENE:G0083,G0083,94,GENE:G0094,G0094,PPI,0.7657998900494778,0.04077525,0.04077525,0.8653106102253986,0.07395024,0.5061225286183373,0.7166292255282183,0.7657998900494778,0.6159923189029095,0.7657998900494778,0.7657998900494778,0.04077525,-0.038538478314876556,0.14652658998966217,0.10798808932304382,-1,True,0.1,0.6850506459593184
789,60,GENE:G0060,G0060,41,GENE:G0041,G0041,PPI,0.7655964815832875,0.05148293,0.05148293,0.8554150632215503,0.094096616,0.6112825830941856,0.7416996161954259,0.7655964815832875,0.6824955035309843,0.7655964815832875,0.7655964815832875,0.05148293,0.020217616111040115,0.1423427313566208,0.162560373544693,1,True,0.1,0.6850506459593184
846,43,GENE:G0043,G0043,93,GENE:G0093,G0093,PPI,0.7632765255634965,0.04204907,0.04204907,0.782847718526663,0.0625978,0.476609832841535,0.5680368075986487,0.7632765255634965,0.5278183966008537,0.7632765255634965,0.7632765255634965,0.04204907,0.012579512782394886,0.26673758029937744,0.27931711077690125,1,True,0.1,0.6850506459593184
252,17,GENE:G0017,G0017,26,GENE:G0026,G0026,PPI,0.7594310060472788,0.10309469,0.10309469,0.8779549202858714,0.19451581,0.7160563955341639,0.750600112695465,0.7594310060472788,0.7517225716163637,0.7594310060472788,0.7594310060472788,0.10309469,0.02265910618007183,0.15614716708660126,0.17880626022815704,1,True,0.1,0.6850506459593184
227,111,GENE:G0111,G0111,13,GENE:G0013,G0013,PPI,0.7591863661352392,0.06414088,0.06414088,0.7908191313908741,0.11764804,0.5945180613854331,0.7037845974944767,0.7591863661352392,0.6765282516569673,0.7591863661352392,0.7591863661352392,0.06414088,0.02442275360226631,0.19190235435962677,0.2163250744342804,1,True,0.1,0.6850506459593184
1211,88,GENE:G0088,G0088,65,GENE:G0065,G0065,PPI,0.7590544255085212,0.044713702,0.044713702,0.862561847168774,0.06823152,0.40753302583131806,0.4357431609753573,0.7590544255085212,0.41827807721608457,0.7590544255085212,0.7590544255085212,0.044713702,-0.03460110351443291,0.21361508965492249,0.17901401221752167,-1,True,0.1,0.6850506459593184
1356,76,GENE:G0076,G0076,97,GENE:G0097,G0097,PPI,0.7569928532160528,0.08545211,0.08545211,0.9582188015393073,0.16920346,0.39234848375583814,0.6316253885970535,0.7569928532160528,0.5484060302748575,0.7569928532160528,0.7569928532160528,0.08545211,0.0239428598433733,0.1283612847328186,0.15230415761470795,1,True,0.1,0.6850506459593184
1434,83,GENE:G0083,G0083,179,GENE:G0179,G0179,PPI,0.7566794942275976,0.08869463,0.08869463,0.945849367784497,0.16970684,0.7723355449941838,0.6794333004009884,0.7566794942275976,0.7014183897942307,0.7566794942275976,0.7566794942275976,0.08869463,-0.10937432944774628,1.0540764331817627,0.9447020888328552,-1,True,0.1,0.6850506459593184
1677,145,GENE:G0145,G0145,130,GENE:G0130,G0130,PPI,0.7548790544255085,0.061361574,0.061361574,0.8933479934029687,0.11782476,0.7100089722605966,0.75264237082939,0.7548790544255085,0.7258218662266417,0.7548790544255085,0.7548790544255085,0.061361574,-0.033889446407556534,0.2876131534576416,0.253723680973053,-1,True,0.1,0.6850506459593184
161,45,GENE:G0045,G0045,9,GENE:G0009,G0009,PPI,0.754304562946674,0.12280325,0.12280325,0.7857339197361188,0.22403422,0.7090239032602348,0.5988096708938098,0.754304562946674,0.6596010923963802,0.754304562946674,0.754304562946674,0.12280325,-0.031171727925539017,0.18901975452899933,0.1578480303287506,-1,True,0.1,0.6850506459593184
1774,157,GENE:G0157,G0157,163,GENE:G0163,G0163,PPI,0.7542495876855415,0.06468592,0.06468592,0.8334249587685542,0.12119732,0.7902077798781282,0.700225775435364,0.7542495876855415,0.7262575931481108,0.7542495876855415,0.7542495876855415,0.06468592,-0.10623414069414139,0.38508719205856323,0.27885305881500244,-1,True,0.1,0.6850506459593184
772,39,GENE:G0039,G0039,89,GENE:G0089,G0089,PPI,0.7541726223199559,0.029604834,0.029604834,0.7855964815832874,0.046277415,0.3509711969003917,0.6276910971725377,0.7541726223199559,0.4943087522597734,0.7541726223199559,0.7541726223199559,0.029604834,-0.031537000089883804,0.19325681030750275,0.16171984374523163,-1,True,0.1,0.6850506459593184
848,43,GENE:G0043,G0043,96,GENE:G0096,G0096,PPI,0.7520492028587136,0.09873971,0.09873971,0.922759758108851,0.19208276,0.23884104656568905,0.7309923188359867,0.7520492028587136,0.5859998497611162,0.7520492028587136,0.7520492028587136,0.09873971,-0.009698690846562386,0.16083426773548126,0.15113559365272522,-1,True,0.1,0.6850506459593184
1470,87,GENE:G0087,G0087,182,GENE:G0182,G0182,PPI,0.7507627817482134,0.05410407,0.05410407,0.820505772402419,0.09005302,0.508321153955786,0.29886577829980704,0.7507627817482134,0.3764126485077693,0.7507627817482134,0.7507627817482134,0.05410407,0.07092797011137009,0.9875125288963318,1.0584404468536377,1,True,0.1,0.6850506459593184
264,17,GENE:G0017,G0017,194,GENE:G0194,G0194,PPI,0.7505552501374382,0.07870896,0.07870896,0.8433205057724025,0.13540763,0.47304839799559,0.3280289128057559,0.7505552501374382,0.3804573611450601,0.7505552501374382,0.7505552501374382,0.07870896,0.06431925296783447,0.46442002058029175,0.5287392139434814,1,True,0.1,0.6850506459593184
282,19,GENE:G0019,G0019,71,GENE:G0071,G0071,PPI,0.7500013743815283,0.14182839,0.14182839,0.8875755909840571,0.26802915,0.7891663285924437,0.5995571474655204,0.7500013743815283,0.6673826773310019,0.7500013743815283,0.7500013743815283,0.14182839,-0.0006392158102244139,0.08767329156398773,0.08703407645225525,-1,True,0.1,0.6850506459593184
1213,103,GENE:G0103,G0103,65,GENE:G0065,G0065,PPI,0.7492660802638813,0.086910784,0.086910784,0.8056624518966465,0.14753632,0.38101213286183705,0.5410849660302606,0.7492660802638813,0.508061345596218,0.7492660802638813,0.7492660802638813,0.086910784,-0.0180895384401083,0.2129802256822586,0.19489069283008575,-1,True,0.1,0.6850506459593184
450,25,GENE:G0025,G0025,144,GENE:G0144,G0144,PPI,0.7488400219901044,0.19681902,0.19681902,0.8862012094557449,0.36908144,0.7467846174165613,0.6414407365995929,0.7488400219901044,0.6879024108709435,0.7488400219901044,0.7488400219901044,0.19681902,-0.018156759440898895,0.2190614938735962,0.2009047120809555,-1,True,0.1,0.6850506459593184
1147,176,GENE:G0176,G0176,59,GENE:G0059,G0059,PPI,0.7486888400219901,0.07642295,0.07642295,0.9186366135239142,0.10771088,0.318884403815289,0.5594074598754754,0.7486888400219901,0.5136462891009913,0.7486888400219901,0.7486888400219901,0.07642295,-0.0021461485885083675,0.0943451002240181,0.09219895303249359,-1,True,0.1,0.6850506459593184
1401,93,GENE:G0093,G0093,81,GENE:G0081,G0081,PPI,0.7480167674546455,0.0644906,0.0644906,0.9409015942825729,0.12500326,0.44138407162827265,0.7456608032799206,0.7480167674546455,0.6310029822466359,0.7480167674546455,0.7480167674546455,0.0644906,-0.024605978280305862,0.13042548298835754,0.10581949353218079,-1,True,0.1,0.6850506459593184
339,44,GENE:G0044,G0044,21,GENE:G0021,G0021,PPI,0.7466410115448049,0.101059906,0.101059906,0.8389224848818032,0.18340677,0.42361726031423913,0.3449797779823737,0.7466410115448049,0.37633726524506134,0.7466410115448049,0.7466410115448049,0.101059906,0.05855913460254669,0.14279471337795258,0.20135384798049927,1,True,0.1,0.6850506459593184
1377,195,GENE:G0195,G0195,78,GENE:G0078,G0078,PPI,0.7450494777350193,0.06447859,0.06447859,0.9431006047278725,0.12394737,0.44484224793928834,0.7112754469001016,0.7450494777350193,0.6098650070821894,0.7450494777350193,0.7450494777350193,0.06447859,-0.025947019457817078,0.11708645522594452,0.09113942086696625,-1,True,0.1,0.6850506459593184
1600,114,GENE:G0114,G0114,143,GENE:G0143,G0143,PPI,0.7445162177020341,0.0385547,0.0385547,0.7636063771302914,0.056405306,0.49818845217917057,0.6285853526303069,0.7445162177020341,0.5706062674561291,0.7445162177020341,0.7445162177020341,0.0385547,-0.0311637781560421,0.25709205865859985,0.22592829167842865,-1,True,0.1,0.6850506459593184
1589,143,GENE:G0143,G0143,112,GENE:G0112,G0112,PPI,0.744300439802089,0.027466185,0.027466185,0.7556349642660802,0.046449084,0.37873472056796564,0.6274500819691997,0.744300439802089,0.5072903520862314,0.744300439802089,0.744300439802089,0.027466185,-0.09108778089284897,0.3722544014453888,0.2811666429042816,-1,True,0.1,0.6850506459593184
1664,128,GENE:G0128,G0128,164,GENE:G0164,G0164,PPI,0.7422113798790544,0.037432786,0.037432786,0.8111599780098955,0.06489013,0.455895960648293,0.5262546879861865,0.7422113798790544,0.48310116353484667,0.7422113798790544,0.7422113798790544,0.037432786,-0.024081766605377197,0.3386248052120209,0.3145430386066437,-1,True,0.1,0.6850506459593184
1257,74,GENE:G0074,G0074,69,GENE:G0069,G0069,PPI,0.7418499175371083,0.11387863,0.11387863,0.9634414513468939,0.21207526,0.22846442948591494,0.26057484782147505,0.7418499175371083,0.2619597114706641,0.7418499175371083,0.7418499175371083,0.11387863,-0.014087284915149212,0.0975811779499054,0.0834939032793045,-1,True,0.1,0.6850506459593184
1476,88,GENE:G0088,G0088,102,GENE:G0102,G0102,PPI,0.7418031885651457,0.049263816,0.049263816,0.862561847168774,0.07343017,0.33661784702680697,0.6547520569942288,0.7418031885651457,0.5382473232744505,0.7418031885651457,0.7418031885651457,0.049263816,-0.04460712522268295,0.34583979845046997,0.3012326955795288,-1,True,0.1,0.6850506459593184
600,31,GENE:G0031,G0031,77,GENE:G0077,G0077,PPI,0.7416094007696535,0.072852924,0.072852924,0.7847718526663001,0.08799145,0.4817375949251546,0.5285425319030039,0.7416094007696535,0.5263287629734545,0.7416094007696535,0.7416094007696535,0.072852924,-6.14396485616453e-05,0.11041329056024551,0.11035184562206268,-1,True,0.1,0.6850506459593184
1812,186,GENE:G0186,G0186,191,GENE:G0191,G0191,PPI,0.7411022539857064,0.04838796,0.04838796,0.8518416712479384,0.07537201,0.5831034691775697,0.6381141353845055,0.7411022539857064,0.603287803406792,0.7411022539857064,0.7411022539857064,0.04838796,0.011713992804288864,0.47164303064346313,0.4833570420742035,1,True,0.1,0.6850506459593184
915,59,GENE:G0059,G0059,48,GENE:G0048,G0048,PPI,0.7409428257284222,0.08367858,0.08367858,0.8768554150632215,0.15535566,0.7378282570974033,0.6473455995061499,0.7409428257284222,0.6756383997226886,0.7409428257284222,0.7409428257284222,0.08367858,-0.026967916637659073,0.16302846372127533,0.13606056571006775,-1,True,0.1,0.6850506459593184
55,23,GENE:G0023,G0023,2,GENE:G0002,G0002,PPI,0.7406713853765805,0.067133486,0.067133486,0.8464815832875205,0.123697795,0.5214410959343427,0.7037770262814566,0.7406713853765805,0.6481341072222329,0.7406713853765805,0.7406713853765805,0.067133486,0.03432691469788551,0.15273116528987885,0.18705806136131287,1,True,0.1,0.6850506459593184
1579,145,GENE:G0145,G0145,109,GENE:G0109,G0109,PPI,0.7399450247388675,0.055336326,0.055336326,0.9191863661352391,0.10475128,0.3897664907493226,0.521592706402062,0.7399450247388675,0.46406910758157494,0.7399450247388675,0.7399450247388675,0.055336326,-0.046431854367256165,0.27159902453422546,0.2251671552658081,-1,True,0.1,0.6850506459593184
1125,60,GENE:G0060,G0060,59,GENE:G0059,G0059,PPI,0.7383878504672898,0.048000593,0.048000593,0.7897196261682243,0.075700104,0.5540872970953219,0.6524393806200515,0.7383878504672898,0.6099251723602293,0.7383878504672898,0.7383878504672898,0.048000593,0.02757388912141323,0.09229320287704468,0.11986709386110306,1,True,0.1,0.6850506459593184
392,23,GENE:G0023,G0023,79,GENE:G0079,G0079,PPI,0.7370148433205058,0.12142031,0.12142031,0.9329301814183617,0.23282501,0.516054684436892,0.40197275653886155,0.7370148433205058,0.46200511925368615,0.7370148433205058,0.7370148433205058,0.12142031,0.022552931681275368,0.12406793236732483,0.14662085473537445,1,True,0.1,0.6850506459593184
1613,125,GENE:G0125,G0125,116,GENE:G0116,G0116,PPI,0.7350673446948873,0.03979145,0.03979145,0.7946673996701484,0.073817946,0.44017330995270465,0.6348641572965649,0.7350673446948873,0.5488114479886029,0.7350673446948873,0.7350673446948873,0.03979145,-0.05591012164950371,0.30228129029273987,0.24637119472026825,-1,True,0.1,0.6850506459593184
61,80,GENE:G0080,G0080,2,GENE:G0002,G0002,PPI,0.7349422759758107,0.06878352,0.06878352,0.8749312809235843,0.13309826,0.6901996093879232,0.7013653470176395,0.7349422759758107,0.6925237399966819,0.7349422759758107,0.7349422759758107,0.06878352,0.05071890354156494,0.15582647919654846,0.2065453976392746,1,True,0.1,0.6850506459593184
132,6,GENE:G0006,G0006,197,GENE:G0197,G0197,PPI,0.7339279824079165,0.0536847,0.0536847,0.8435953820780648,0.071403936,0.5993643045692324,0.5782167920755004,0.7339279824079165,0.5758668336643005,0.7339279824079165,0.7339279824079165,0.0536847,-0.007402462884783745,0.27476218342781067,0.2673596441745758,-1,True,0.1,0.6850506459593184
274,18,GENE:G0018,G0018,92,GENE:G0092,G0092,PPI,0.7338977460142936,0.1340852,0.1340852,0.8949972512369434,0.25216857,0.46707291481224816,0.348589652878251,0.7338977460142936,0.38918686568366917,0.7338977460142936,0.7338977460142936,0.1340852,-0.020140718668699265,0.1565132737159729,0.13637252151966095,-1,True,0.1,0.6850506459593184
1197,85,GENE:G0085,G0085,64,GENE:G0064,G0064,PPI,0.7321646509070918,0.05494305,0.05494305,0.7358438702583837,0.07328086,0.5190881609035851,0.7135314516672765,0.7321646509070918,0.6631263381369495,0.7321646509070918,0.7321646509070918,0.05494305,0.029260659590363503,0.17096081376075745,0.2002214789390564,1,True,0.1,0.6850506459593184
538,29,GENE:G0029,G0029,69,GENE:G0069,G0069,PPI,0.7313152831225949,0.04937685,0.04937685,0.9084661902144036,0.09481728,0.4213346480365022,0.7244697476031154,0.7313152831225949,0.599733457834099,0.7313152831225949,0.7313152831225949,0.04937685,0.047318100929260254,0.08717554807662964,0.1344936639070511,1,True,0.1,0.6850506459593184
1442,84,GENE:G0084,G0084,124,GENE:G0124,G0124,PPI,0.7303490929081914,0.06327106,0.06327106,0.7853216052776251,0.11395214,0.44485792406980024,0.6920416894353436,0.7303490929081914,0.6242218917139617,0.7303490929081914,0.7303490929081914,0.06327106,-0.007472432684153318,0.2040247768163681,0.1965523213148117,-1,True,0.1,0.6850506459593184
731,97,GENE:G0097,G0097,37,GENE:G0037,G0037,PPI,0.7296509070918088,0.13451636,0.13451636,0.8018141836173722,0.23718561,0.39570633277750394,0.15297639640094726,0.7296509070918088,0.2537046919370654,0.7296509070918088,0.7296509070918088,0.13451636,-0.044718220829963684,0.25655654072761536,0.21183830499649048,-1,True,0.1,0.6850506459593184
1808,181,GENE:G0181,G0181,196,GENE:G0196,G0196,PPI,0.729507971412864,0.035029646,0.035029646,0.748213304013194,0.048488658,0.42734582492183976,0.685136271008558,0.729507971412864,0.5732124987855682,0.729507971412864,0.729507971412864,0.035029646,-0.04955419898033142,0.33019179105758667,0.28063762187957764,-1,True,0.1,0.6850506459593184
1155,78,GENE:G0078,G0078,60,GENE:G0060,G0060,PPI,0.7291657504123145,0.02446653,0.02446653,0.7365310610225398,0.035489533,0.22144602945225997,0.6676482425382075,0.7291657504123145,0.45782874939777507,0.7291657504123145,0.7291657504123145,0.02446653,-0.023235386237502098,0.1403542459011078,0.11711884289979935,-1,True,0.1,0.6850506459593184
496,28,GENE:G0028,G0028,33,GENE:G0033,G0033,PPI,0.7284881803188565,0.045294266,0.045294266,0.8884002199010446,0.08167645,0.4669987343528016,0.71503801093128,0.7284881803188565,0.6098244117609725,0.7284881803188565,0.7284881803188565,0.045294266,-0.04079378768801689,0.21836180984973907,0.17756803333759308,-1,True,0.1,0.6850506459593184
760,39,GENE:G0039,G0039,47,GENE:G0047,G0047,PPI,0.727332325453546,0.056596585,0.056596585,0.9035184167124795,0.10816417,0.36210243322799623,0.4778728465955811,0.727332325453546,0.4285669867730757,0.727332325453546,0.727332325453546,0.056596585,-0.046749264001846313,0.21902316808700562,0.1722739189863205,-1,True,0.1,0.6850506459593184
1224,66,GENE:G0066,G0066,91,GENE:G0091,G0091,PPI,0.7271206706981859,0.0645732,0.0645732,0.7946673996701484,0.079721496,0.37653172480502956,0.4058059159248302,0.7271206706981859,0.400355401585949,0.7271206706981859,0.7271206706981859,0.0645732,0.04617685824632645,0.1370026022195816,0.18317945301532745,1,True,0.1,0.6850506459593184
1227,117,GENE:G0117,G0117,66,GENE:G0066,G0066,PPI,0.7270004123144586,0.047428064,0.047428064,0.9031061022539857,0.091737844,0.3429629197877138,0.7110204298758303,0.7270004123144586,0.5657073703497306,0.7270004123144586,0.7270004123144586,0.047428064,-0.0468149371445179,0.1646963357925415,0.1178814098238945,-1,True,0.1,0.6850506459593184
897,89,GENE:G0089,G0089,46,GENE:G0046,G0046,PPI,0.7269681143485431,0.03150427,0.03150427,0.7306212204507971,0.039457455,0.30918682282027377,0.7251392608491184,0.7269681143485431,0.5488957191162898,0.7269681143485431,0.7269681143485431,0.03150427,0.024223925545811653,0.12672719359397888,0.1509511023759842,1,True,0.1,0.6850506459593184
5,46,GENE:G0046,G0046,0,GENE:G0000,G0000,PPI,0.7263358988455195,0.03964965,0.03964965,0.8161077515118197,0.07693695,0.5357681097881045,0.7056383068465544,0.7263358988455195,0.6230996245096848,0.7263358988455195,0.7263358988455195,0.03964965,0.06498079001903534,0.1627069115638733,0.22768770158290863,1,True,0.1,0.6850506459593184
542,29,GENE:G0029,G0029,87,GENE:G0087,G0087,PPI,0.7262012094557448,0.06416193,0.06416193,0.7564595931830675,0.10755396,0.6748639111261251,0.7128402563782426,0.7262012094557448,0.7141785569489643,0.7262012094557448,0.7262012094557448,0.06416193,0.05648649111390114,0.12583602964878082,0.18232254683971405,1,True,0.1,0.6850506459593184
1633,196,GENE:G0196,G0196,120,GENE:G0120,G0120,PPI,0.7261434854315557,0.061386347,0.061386347,0.839472237493128,0.08495906,0.6154636393514126,0.6532259237962014,0.7261434854315557,0.6409995546533117,0.7261434854315557,0.7261434854315557,0.061386347,-0.028262915089726448,0.6657382249832153,0.6374752521514893,-1,True,0.1,0.6850506459593184
1696,136,GENE:G0136,G0136,177,GENE:G0177,G0177,PPI,0.7258905992303463,0.037470132,0.037470132,0.8020890599230346,0.06762417,0.39653739617166955,0.5710062947747919,0.7258905992303463,0.49047602944860363,0.7258905992303463,0.7258905992303463,0.037470132,-0.1045556515455246,0.4151732325553894,0.3106175661087036,-1,True,0.1,0.6850506459593184
841,72,GENE:G0072,G0072,43,GENE:G0043,G0043,PPI,0.724854315557999,0.11926068,0.11926068,0.9175371083012644,0.19980396,0.633400622616874,0.4994049206193227,0.724854315557999,0.5703971153908672,0.724854315557999,0.724854315557999,0.11926068,0.02365974895656109,0.14529438316822052,0.16895414888858795,1,True,0.1,0.6850506459593184
1595,145,GENE:G0145,G0145,113,GENE:G0113,G0113,PPI,0.7236860912589335,0.03219365,0.03219365,0.7273227047828477,0.041301318,0.301083733260841,0.5231670184178764,0.7236860912589335,0.4255250091286292,0.7236860912589335,0.7236860912589335,0.03219365,-0.03097222000360489,0.38753169775009155,0.35655948519706726,-1,True,0.1,0.6850506459593184
1212,65,GENE:G0065,G0065,103,GENE:G0103,G0103,PPI,0.7228449697636065,0.049586583,0.049586583,0.7899945024738868,0.08396727,0.48985600075327834,0.6716579533369498,0.7228449697636065,0.608034324572181,0.7228449697636065,0.7228449697636065,0.049586583,-0.031074533239006996,0.2722243070602417,0.24114976823329926,-1,True,0.1,0.6850506459593184
965,83,GENE:G0083,G0083,50,GENE:G0050,G0050,PPI,0.7227336448598131,0.116029814,0.116029814,0.9447498625618471,0.22846703,0.7029755961649398,0.5573824026651808,0.7227336448598131,0.604208843372114,0.7227336448598131,0.7227336448598131,0.116029814,-0.051595091819763184,0.16704486310482025,0.11544979363679886,-1,True,0.1,0.6850506459593184
207,13,GENE:G0013,G0013,12,GENE:G0012,G0012,PPI,0.7218141836173723,0.1439169,0.1439169,0.9136888400219901,0.25356492,0.6436723474436504,0.6794552927886747,0.7218141836173723,0.6868943925707054,0.7218141836173723,0.7218141836173723,0.1439169,0.00654608616605401,0.3818141520023346,0.38836026191711426,1,True,0.1,0.6850506459593184
242,16,GENE:G0016,G0016,65,GENE:G0065,G0065,PPI,0.7213372732270479,0.05024023,0.05024023,0.779824079164376,0.088660344,0.32316054637770025,0.3968684025733756,0.7213372732270479,0.3694152186442003,0.7213372732270479,0.7213372732270479,0.05024023,0.015697387978434563,0.18079906702041626,0.1964964121580124,1,True,0.1,0.6850506459593184
651,84,GENE:G0084,G0084,33,GENE:G0033,G0033,PPI,0.7181445849367785,0.038047217,0.038047217,0.7891698735568994,0.058638938,0.467534612768758,0.6046040489296557,0.7181445849367785,0.5390727257410379,0.7181445849367785,0.7181445849367785,0.038047217,-0.030805306509137154,0.2011643946170807,0.17035908997058868,-1,True,0.1,0.6850506459593184
996,51,GENE:G0051,G0051,154,GENE:G0154,G0154,PPI,0.7162685541506323,0.04183318,0.04183318,0.8897746014293568,0.07794816,0.36401741776953006,0.5974092715049089,0.7162685541506323,0.49219515759336857,0.7162685541506323,0.7162685541506323,0.04183318,0.044906970113515854,0.26191163063049316,0.30681857466697693,1,True,0.1,0.6850506459593184
1069,66,GENE:G0066,G0066,55,GENE:G0055,G0055,PPI,0.7162396921385377,0.04032956,0.04032956,0.7234744365035735,0.0740325,0.3361492899852657,0.6577850902123253,0.7162396921385377,0.5422988560799442,0.7162396921385377,0.7162396921385377,0.04032956,0.01647750847041607,0.16077469289302826,0.17725221812725067,1,True,0.1,0.6850506459593184
1328,73,GENE:G0073,G0073,153,GENE:G0153,G0153,PPI,0.7158191313908742,0.111191146,0.111191146,0.8837273227047828,0.17421922,0.6223259752839867,0.2637892751757381,0.7158191313908742,0.4170672332738356,0.7158191313908742,0.7158191313908742,0.111191146,-0.09409666806459427,0.5443785190582275,0.45028191804885864,-1,True,0.1,0.6850506459593184
1447,183,GENE:G0183,G0183,84,GENE:G0084,G0084,PPI,0.7150563496426607,0.04705829,0.04705829,0.8172072567344695,0.065195635,0.33599925852612206,0.6257107873405799,0.7150563496426607,0.5231316728511166,0.7150563496426607,0.7150563496426607,0.04705829,-0.039130717515945435,0.16955524682998657,0.13042452931404114,-1,True,0.1,0.6850506459593184
1303,83,GENE:G0083,G0083,72,GENE:G0072,G0072,PPI,0.7133026388125343,0.046147976,0.046147976,0.8441451346893898,0.06685179,0.5821818481639748,0.6231969705590553,0.7133026388125343,0.591552858720349,0.7133026388125343,0.7133026388125343,0.046147976,-0.030394969508051872,0.12288947403430939,0.09249449521303177,-1,True,0.1,0.6850506459593184
1583,168,GENE:G0168,G0168,109,GENE:G0109,G0109,PPI,0.7121055525013743,0.022880565,0.022880565,0.7575590984057174,0.041072205,0.2851946947857142,0.6589893341016457,0.7121055525013743,0.47476138636986753,0.7121055525013743,0.7121055525013743,0.022880565,-0.02781129628419876,0.26222464442253113,0.23441335558891296,-1,True,0.1,0.6850506459593184
283,71,GENE:G0071,G0071,19,GENE:G0019,G0019,PPI,0.7120423309510721,0.15137199,0.15137199,0.9013194062671798,0.27756873,0.5749282459807352,0.709785455762082,0.7120423309510721,0.6860080351315084,0.7120423309510721,0.7120423309510721,0.15137199,-0.023695897310972214,0.22432924807071686,0.20063333213329315,-1,True,0.1,0.6850506459593184
26,1,GENE:G0001,G0001,11,GENE:G0011,G0011,PPI,0.7120340846619021,0.1142843,0.1142843,0.8683342495876856,0.2093678,0.538847604977983,0.4941882385502211,0.7120340846619021,0.517063517409937,0.7120340846619021,0.7120340846619021,0.1142843,-0.03140472248196602,0.22341251373291016,0.19200780987739563,-1,True,0.1,0.6850506459593184
1714,142,GENE:G0142,G0142,172,GENE:G0172,G0172,PPI,0.711412864211105,0.037565637,0.037565637,0.7993402968664101,0.06431006,0.4177473113790432,0.6354126916830449,0.711412864211105,0.5374618448768668,0.711412864211105,0.711412864211105,0.037565637,-0.06480007618665695,0.3641740381717682,0.299373984336853,-1,True,0.1,0.6850506459593184
1068,55,GENE:G0055,G0055,66,GENE:G0066,G0066,PPI,0.711065145684442,0.026350126,0.026350126,0.8034634414513468,0.04843021,0.2604734165945282,0.3963730357732781,0.711065145684442,0.32859326270620903,0.711065145684442,0.711065145684442,0.026350126,0.01326417550444603,0.11395499110221863,0.12721914052963257,1,True,0.1,0.6850506459593184
179,52,GENE:G0052,G0052,10,GENE:G0010,G0010,PPI,0.7106308411214953,0.051537257,0.051537257,0.7600329851566795,0.087884225,0.6844444849170374,0.6755641592003431,0.7106308411214953,0.6751908309664312,0.7106308411214953,0.7106308411214953,0.051537257,-0.033832427114248276,0.34532830119132996,0.3114958703517914,-1,True,0.1,0.6850506459593184
1361,97,GENE:G0097,G0097,77,GENE:G0077,G0077,PPI,0.710092083562397,0.04630183,0.04630183,0.8023639362286971,0.062309463,0.33888293088293536,0.569876126165694,0.710092083562397,0.48494800265937393,0.710092083562397,0.710092083562397,0.04630183,-0.017303302884101868,0.1192757859826088,0.10197250545024872,-1,True,0.1,0.6850506459593184
441,79,GENE:G0079,G0079,25,GENE:G0025,G0025,PPI,0.7099752611324903,0.035464715,0.035464715,0.8207806487080813,0.056407444,0.4537848518444316,0.7017194541354597,0.7099752611324903,0.5863756232504886,0.7099752611324903,0.7099752611324903,0.035464715,-0.017854098230600357,0.13792233169078827,0.12006822228431702,-1,True,0.1,0.6850506459593184
1500,93,GENE:G0093,G0093,174,GENE:G0174,G0174,PPI,0.7092111050027489,0.051191706,0.051191706,0.7968664101154481,0.09239802,0.6376180309708785,0.691049056603531,0.7092111050027489,0.6654398888596479,0.7092111050027489,0.7092111050027489,0.051191706,-0.06604266166687012,0.26787638664245605,0.20183371007442474,-1,True,0.1,0.6850506459593184
825,95,GENE:G0095,G0095,42,GENE:G0042,G0042,PPI,0.7087850467289719,0.03129251,0.03129251,0.7383177570093458,0.048102938,0.38792572178376056,0.562673701599011,0.7087850467289719,0.4776475529067421,0.7087850467289719,0.7087850467289719,0.03129251,-0.02830319106578827,0.1467878669500351,0.11848467588424683,-1,True,0.1,0.6850506459593184
432,25,GENE:G0025,G0025,61,GENE:G0061,G0061,PPI,0.7084249587685542,0.11640269,0.11640269,0.8383727322704784,0.21047877,0.8347925654780582,0.7063259172398891,0.7084249587685542,0.7628990905602366,0.7084249587685542,0.7084249587685542,0.11640269,-0.034466519951820374,0.19021205604076385,0.1557455211877823,-1,True,0.1,0.6850506459593184
1365,86,GENE:G0086,G0086,78,GENE:G0078,G0078,PPI,0.7075494777350193,0.03740635,0.03740635,0.7111050027487631,0.061345264,0.4720066956302101,0.5425293120064052,0.7075494777350193,0.5141485400135409,0.7075494777350193,0.7075494777350193,0.03740635,-0.030561719089746475,0.11145292222499847,0.08089122921228409,-1,True,0.1,0.6850506459593184
1015,116,GENE:G0116,G0116,52,GENE:G0052,G0052,PPI,0.7071935129191863,0.032855865,0.032855865,0.7405167674546453,0.05793016,0.304304696826745,0.6011199309328792,0.7071935129191863,0.47516425818941466,0.7071935129191863,0.7071935129191863,0.032855865,0.028575409203767776,0.1127154752612114,0.14129090309143066,1,True,0.1,0.6850506459593184
196,11,GENE:G0011,G0011,35,GENE:G0035,G0035,PPI,0.7071715228147334,0.04224261,0.04224261,0.8222924683892249,0.058974203,0.408368366736058,0.41065256233252617,0.7071715228147334,0.40202618132416135,0.7071715228147334,0.7071715228147334,0.04224261,0.049830347299575806,0.1519329696893692,0.2017633467912674,1,True,0.1,0.6850506459593184
1164,61,GENE:G0061,G0061,97,GENE:G0097,G0097,PPI,0.7055415063221551,0.02941498,0.02941498,0.7927432655305113,0.053040948,0.3001294012048029,0.5596565335149042,0.7055415063221551,0.4352828008839332,0.7055415063221551,0.7055415063221551,0.02941498,0.06562015414237976,0.11480870097875595,0.1804288625717163,1,True,0.1,0.6850506459593184
1033,69,GENE:G0069,G0069,53,GENE:G0053,G0053,PPI,0.7052707531610776,0.13680798,0.13680798,0.9727872457394173,0.25547823,0.45578895334895037,0.662638794381677,0.7052707531610776,0.6160804453164209,0.7052707531610776,0.7052707531610776,0.13680798,0.008560184389352798,0.08759342133998871,0.0961536094546318,1,True,0.1,0.6850506459593184
1416,82,GENE:G0082,G0082,91,GENE:G0091,G0091,PPI,0.7051161352391423,0.06392715,0.06392715,0.8651731720725673,0.1080918,0.06748969076361035,0.2277148279962766,0.7051161352391423,0.1764808518805614,0.7051161352391423,0.7051161352391423,0.06392715,-0.010841420851647854,0.14010605216026306,0.12926460802555084,-1,True,0.1,0.6850506459593184
270,18,GENE:G0018,G0018,72,GENE:G0072,G0072,PPI,0.7049697636063771,0.03039188,0.03039188,0.7267729521715228,0.052353285,0.3641112437910814,0.6790564488016299,0.7049697636063771,0.5373808104035998,0.7049697636063771,0.7049697636063771,0.03039188,-0.009852448478341103,0.12057416886091232,0.11072171479463577,-1,True,0.1,0.6850506459593184
1763,178,GENE:G0178,G0178,153,GENE:G0153,G0153,PPI,0.7048515667949423,0.032778576,0.032778576,0.7229246838922485,0.0411889,0.4281172406751773,0.6658171660606875,0.7048515667949423,0.559715080556527,0.7048515667949423,0.7048515667949423,0.032778576,0.012601652182638645,0.5094566941261292,0.5220583081245422,1,True,0.1,0.6850506459593184
1780,158,GENE:G0158,G0158,180,GENE:G0180,G0180,PPI,0.7037218251786697,0.014779249,0.014779249,0.7108301264431006,0.027944857,0.13593772794904,0.6672343964721436,0.7037218251786697,0.3951185658441382,0.7037218251786697,0.7037218251786697,0.014779249,-0.06470180302858353,0.3217649459838867,0.2570631504058838,-1,True,0.1,0.6850506459593184
713,73,GENE:G0073,G0073,36,GENE:G0036,G0036,PPI,0.7023089609675646,0.035271645,0.035271645,0.8026388125343595,0.06466733,0.32120028954220914,0.35613564389742053,0.7023089609675646,0.33335291164915815,0.7023089609675646,0.7023089609675646,0.035271645,-0.03308853507041931,0.1574118435382843,0.12432330846786499,-1,True,0.1,0.6850506459593184
317,63,GENE:G0063,G0063,20,GENE:G0020,G0020,PPI,0.7021715228147334,0.03932642,0.03932642,0.720175920835624,0.05426924,0.37069460388728326,0.4926761320109524,0.7021715228147334,0.44388018583527994,0.7021715228147334,0.7021715228147334,0.03932642,-0.008968554437160492,0.08477435261011124,0.07580581307411194,-1,True,0.1,0.6850506459593184
1342,75,GENE:G0075,G0075,89,GENE:G0089,G0089,PPI,0.7019035184167125,0.020525789,0.020525789,0.7199010445299615,0.032226738,0.18716961677987368,0.372770433267645,0.7019035184167125,0.2842167709040575,0.7019035184167125,0.7019035184167125,0.020525789,0.005307595245540142,0.17289718985557556,0.17820480465888977,1,True,0.1,0.6850506459593184
400,23,GENE:G0023,G0023,196,GENE:G0196,G0196,PPI,0.7016272677295217,0.025943235,0.025943235,0.788345244639912,0.049928285,0.2677731960402656,0.5363065824811557,0.7016272677295217,0.4044210965385857,0.7016272677295217,0.7016272677295217,0.025943235,0.06457319855690002,0.2525293529033661,0.3171025216579437,1,True,0.1,0.6850506459593184
1806,178,GENE:G0178,G0178,197,GENE:G0197,G0197,PPI,0.7003573391973612,0.028819876,0.028819876,0.8191313908741067,0.051604323,0.33648722519697777,0.6795705765403081,0.7003573391973612,0.5145169913247721,0.7003573391973612,0.7003573391973612,0.028819876,0.03869811072945595,0.27218520641326904,0.3108832538127899,1,True,0.1,0.6850506459593184
922,48,GENE:G0048,G0048,98,GENE:G0098,G0098,PPI,0.700087960417812,0.048737034,0.048737034,0.8537658053875756,0.08859449,0.46954714001871595,0.5575031873554576,0.700087960417812,0.5147425240958552,0.700087960417812,0.700087960417812,0.048737034,0.04058188572525978,0.20726393163204193,0.24784578382968903,1,True,0.1,0.6850506459593184
1140,59,GENE:G0059,G0059,95,GENE:G0095,G0095,PPI,0.6970437053326003,0.05371867,0.05371867,0.8249037932930181,0.0635539,0.6153804064292292,0.5572223597225229,0.6970437053326003,0.568029296921956,0.6970437053326003,0.6970437053326003,0.05371867,-0.013614051043987274,0.18168726563453674,0.16807322204113007,-1,True,0.1,0.6850506459593184
224,13,GENE:G0013,G0013,84,GENE:G0084,G0084,PPI,0.6937438152831226,0.045450892,0.045450892,0.722649807586586,0.08044464,0.5553048909150721,0.6698460882864926,0.6937438152831226,0.6288375092542814,0.6937438152831226,0.6937438152831226,0.045450892,0.031413231045007706,0.12911933660507202,0.16053259372711182,1,True,0.1,0.6850506459593184
287,84,GENE:G0084,G0084,19,GENE:G0019,G0019,PPI,0.6927762506871908,0.032914575,0.032914575,0.7740516767454646,0.052365214,0.32959950053597786,0.5280598466045353,0.6927762506871908,0.4351379884096906,0.6927762506871908,0.6927762506871908,0.032914575,-0.0371415875852108,0.23494583368301392,0.19780424237251282,-1,True,0.1,0.6850506459593184
36,1,GENE:G0001,G0001,85,GENE:G0085,G0085,PPI,0.6925645959318306,0.02496038,0.02496038,0.69956019791094,0.033995733,0.27774145035835773,0.6068054676789738,0.6925645959318306,0.45814020100400454,0.6925645959318306,0.6925645959318306,0.02496038,0.00280752987600863,0.10424821823835373,0.10705576092004776,1,True,0.1,0.6850506459593184
205,151,GENE:G0151,G0151,11,GENE:G0011,G0011,PPI,0.6920904343045629,0.057413068,0.057413068,0.7820230896096756,0.07405101,0.6827320712970179,0.48242014974645003,0.6920904343045629,0.5576939228508415,0.6920904343045629,0.6920904343045629,0.057413068,0.050337038934230804,0.21372786164283752,0.2640649080276489,1,True,0.1,0.6850506459593184
361,29,GENE:G0029,G0029,22,GENE:G0022,G0022,PPI,0.6919337548103353,0.07696709,0.07696709,0.8188565145684441,0.1274648,0.7683748481348458,0.5757236843522288,0.6919337548103353,0.6409279461456832,0.6919337548103353,0.6919337548103353,0.07696709,0.021654779091477394,0.17736321687698364,0.19901801645755768,1,True,0.1,0.6850506459593184
1305,86,GENE:G0086,G0086,72,GENE:G0072,G0072,PPI,0.6916327652556349,0.14705776,0.14705776,0.7204507971412863,0.217394,0.8378411620424908,0.4322704782847718,0.6916327652556349,0.5929172777377063,0.6916327652556349,0.6916327652556349,0.14705776,-0.031333718448877335,0.12413980811834335,0.09280607849359512,-1,True,0.1,0.6850506459593184
660,34,GENE:G0034,G0034,46,GENE:G0046,G0046,PPI,0.6914293567894447,0.03276737,0.03276737,0.7993402968664101,0.047819495,0.23723828697075794,0.6085232310300168,0.6914293567894447,0.4493345425152028,0.6914293567894447,0.6914293567894447,0.03276737,-0.015187052078545094,0.13465632498264313,0.11946927011013031,-1,True,0.1,0.6850506459593184
1558,106,GENE:G0106,G0106,183,GENE:G0183,G0183,PPI,0.6909180868609125,0.032106213,0.032106213,0.7350192413413963,0.058363754,0.382159255990387,0.6760578963596248,0.6909180868609125,0.5458922592353067,0.6909180868609125,0.6909180868609125,0.032106213,-0.05946917086839676,0.34094369411468506,0.2814745008945465,-1,True,0.1,0.6850506459593184
1543,111,GENE:G0111,G0111,104,GENE:G0104,G0104,PPI,0.6896096756459594,0.06778828,0.06778828,0.8620120945574492,0.12369726,0.1913850920356208,0.1808171824003076,0.6896096756459594,0.18309174368466813,0.6896096756459594,0.6896096756459594,0.06778828,0.025264661759138107,0.3169606626033783,0.3422253429889679,1,True,0.1,0.6850506459593184
193,14,GENE:G0014,G0014,11,GENE:G0011,G0011,PPI,0.6885568993952721,0.11568784,0.11568784,0.8827652556349642,0.2141316,0.6767461195992344,0.5755602387987444,0.6885568993952721,0.6152407813280973,0.6885568993952721,0.6885568993952721,0.11568784,0.018814919516444206,0.2044706493616104,0.22328555583953857,1,True,0.1,0.6850506459593184
1698,137,GENE:G0137,G0137,145,GENE:G0145,G0145,PPI,0.687987905442551,0.04902182,0.04902182,0.8493677844969764,0.07440807,0.32801587277950917,0.5771327532844408,0.687987905442551,0.4829777860007301,0.687987905442551,0.687987905442551,0.04902182,-0.03205801919102669,0.20504827797412872,0.17299024760723114,-1,True,0.1,0.6850506459593184
685,74,GENE:G0074,G0074,35,GENE:G0035,G0035,PPI,0.6876910390324353,0.04112675,0.04112675,0.8386476085761407,0.07533192,0.39351131145622364,0.5632066627163481,0.6876910390324353,0.48755048155482816,0.6876910390324353,0.6876910390324353,0.04112675,-0.03957556560635567,0.19417978823184967,0.1546042263507843,-1,True,0.1,0.6850506459593184
1038,53,GENE:G0053,G0053,91,GENE:G0091,G0091,PPI,0.687319956019791,0.041033372,0.041033372,0.7273227047828477,0.069209315,0.3445770857976548,0.3904747621631651,0.687319956019791,0.37265193088229825,0.687319956019791,0.687319956019791,0.041033372,-0.01152854599058628,0.13909520208835602,0.1275666356086731,-1,True,0.1,0.6850506459593184
691,84,GENE:G0084,G0084,35,GENE:G0035,G0035,PPI,0.6872869708631116,0.0765147,0.0765147,0.8699835074216602,0.14198917,0.47845591741822524,0.4951268676832699,0.6872869708631116,0.4993149260657693,0.6872869708631116,0.6872869708631116,0.0765147,-0.02029401995241642,0.18061181902885437,0.16031776368618011,-1,True,0.1,0.6850506459593184
808,41,GENE:G0041,G0041,193,GENE:G0193,G0193,PPI,0.6872773501924133,0.031181583,0.031181583,0.7122045079714128,0.049720712,0.3462319994357816,0.2664111370042255,0.6872773501924133,0.29849050680824984,0.6872773501924133,0.6872773501924133,0.031181583,-0.12072668969631195,0.5716235041618347,0.45089685916900635,-1,True,0.1,0.6850506459593184
857,64,GENE:G0064,G0064,44,GENE:G0044,G0044,PPI,0.6863056624518967,0.02144084,0.02144084,0.7075316107751513,0.038490135,0.17855754662859055,0.41077983813284635,0.6863056624518967,0.2958659368525262,0.6863056624518967,0.6863056624518967,0.02144084,-0.02960483357310295,0.15060435235500336,0.12099950760602951,-1,True,0.1,0.6850506459593184
603,82,GENE:G0082,G0082,31,GENE:G0031,G0031,PPI,0.6863056624518966,0.114281386,0.114281386,0.959868059373282,0.19723378,0.3309464330250615,0.5593857077799123,0.6863056624518966,0.5005999032955162,0.6863056624518966,0.6863056624518966,0.114281386,-0.015801990404725075,0.08881399780511856,0.07301200181245804,-1,True,0.1,0.6850506459593184
1220,66,GENE:G0066,G0066,88,GENE:G0088,G0088,PPI,0.6859703133589885,0.02956042,0.02956042,0.7707531610775151,0.055304036,0.2800289393117277,0.33321148743646656,0.6859703133589885,0.3030759620778991,0.6859703133589885,0.6859703133589885,0.02956042,0.055388789623975754,0.17546004056930542,0.23084883391857147,1,True,0.1,0.6850506459593184
106,4,GENE:G0004,G0004,185,GENE:G0185,G0185,PPI,0.6855744914788345,0.034265745,0.034265745,0.7451896646509071,0.05814884,0.36912452622025194,0.13371950451950348,0.6855744914788345,0.24993005451340064,0.6855744914788345,0.6855744914788345,0.034265745,0.2655816376209259,0.41996851563453674,0.6855500936508179,1,True,0.1,0.6850506459593184
